States,RRP
NSW,104.1
NSW,104.2
NSW,103.59
NSW,103.23
NSW,103.98
NSW,86.34
NSW,106.43
NSW,106.8
NSW,87.89
NSW,104.47
NSW,87.89
NSW,100.11
NSW,104.23
NSW,103.49
NSW,87.5
NSW,87.89
NSW,87.89
NSW,83.81
NSW,87.89
NSW,90.54
NSW,87.89
NSW,84.48
NSW,76.0
NSW,76.0
NSW,76.0
NSW,91.22
NSW,73.1
NSW,70.51
NSW,76.0
NSW,73.46
NSW,80.52
NSW,85.6
NSW,87.5
NSW,87.5
NSW,94.39
NSW,93.71
NSW,76.0
NSW,103.0
NSW,103.0
NSW,103.0
NSW,103.0
NSW,99.05
NSW,95.03
NSW,103.0
NSW,103.0
NSW,103.0
NSW,103.0
NSW,105.74
NSW,71.81
NSW,73.13
NSW,75.8
NSW,76.72
NSW,76.72
NSW,76.72
NSW,76.0
NSW,76.72
NSW,76.72
NSW,76.72
NSW,80.45
NSW,80.22
NSW,73.53
NSW,76.0
NSW,76.0
NSW,92.07
NSW,76.72
NSW,76.38
NSW,75.8
NSW,76.72
NSW,76.0
NSW,80.0
NSW,80.22
NSW,76.72
NSW,76.72
NSW,80.22
NSW,76.0
NSW,76.0
NSW,76.22
NSW,76.0
NSW,73.04
NSW,60.1
NSW,57.73
NSW,56.28
NSW,9.76
NSW,12.88
NSW,0.17
NSW,0.0
NSW,0.0
NSW,0.0
NSW,0.0
NSW,0.16
NSW,8.65
NSW,8.79
NSW,8.93
NSW,18.61
NSW,104.23
NSW,57.0
NSW,59.99
NSW,104.89
NSW,57.0
NSW,56.98
NSW,56.98
NSW,56.98
NSW,0.0
NSW,2.3
NSW,0.0
NSW,34.4
NSW,35.88
NSW,7.41
NSW,10.02
NSW,-29.58
NSW,-39.35
NSW,-41.27
NSW,-38.29
NSW,-40.8
NSW,-28.82
NSW,-32.73
NSW,-38.59
NSW,-38.62
NSW,-29.68
NSW,-38.6
NSW,-32.43
NSW,-29.77
NSW,-24.71
NSW,37.0
NSW,37.0
NSW,10.02
NSW,65.0
NSW,65.0
NSW,37.0
NSW,65.0
NSW,57.0
NSW,-42.01
NSW,-39.85
NSW,-38.46
NSW,-37.97
NSW,-38.16
NSW,-37.26
NSW,-37.2
NSW,-43.04
NSW,-39.54
NSW,-41.27
NSW,-44.42
NSW,-41.27
NSW,-41.51
NSW,-41.51
NSW,-41.27
NSW,-41.51
NSW,-41.51
NSW,-41.27
NSW,-41.27
NSW,-41.27
NSW,-37.57
NSW,-41.27
NSW,-37.76
NSW,-41.27
NSW,-37.38
NSW,-37.53
NSW,-41.27
NSW,-37.58
NSW,-37.69
NSW,-42.35
NSW,-41.27
NSW,-41.27
NSW,-38.88
NSW,-36.21
NSW,-35.72
NSW,-37.15
NSW,-27.62
NSW,-27.8
NSW,0.0
NSW,0.0
NSW,0.0
NSW,0.0
NSW,60.48
NSW,-27.44
NSW,-28.09
NSW,-37.93
NSW,-28.13
NSW,-28.29
NSW,-19.5
NSW,-28.37
NSW,-27.98
NSW,-28.29
NSW,-20.45
NSW,0.0
NSW,48.33
NSW,44.89
NSW,100.58
NSW,40.41
NSW,55.88
NSW,94.32
NSW,109.88
NSW,-22.0
NSW,-1.93
NSW,-0.85
NSW,0.0
NSW,32.76
NSW,57.0
NSW,80.94
NSW,68.1
NSW,42.63
NSW,117.51
NSW,65.0
NSW,106.85
NSW,122.32
NSW,130.0
NSW,158.75
NSW,126.73
NSW,175.88
NSW,254.89
NSW,171.23
NSW,263.44
NSW,249.89
NSW,232.63
NSW,299.98
NSW,299.99
NSW,227.49
NSW,255.77
NSW,299.99
NSW,287.93
NSW,299.99
NSW,299.99
NSW,289.51
NSW,299.99
NSW,299.99
NSW,299.99
NSW,276.03
NSW,252.13
NSW,243.54
NSW,234.23
NSW,191.65
NSW,169.76
NSW,174.06
NSW,147.43
NSW,178.14
NSW,137.81
NSW,135.6
NSW,134.47
NSW,120.89
NSW,120.89
NSW,132.58
NSW,130.53
NSW,132.62
NSW,131.96
NSW,131.3
NSW,130.58
NSW,120.89
NSW,130.0
NSW,120.89
NSW,130.0
NSW,116.03
NSW,112.53
NSW,130.0
NSW,130.0
NSW,120.89
NSW,112.23
NSW,111.37
NSW,111.96
NSW,130.0
NSW,120.89
NSW,120.89
NSW,111.22
NSW,112.63
NSW,111.84
NSW,130.0
NSW,142.11
NSW,144.44
NSW,128.0
NSW,145.68
NSW,145.1
NSW,148.25
NSW,152.7
NSW,130.0
NSW,120.66
NSW,113.83
NSW,130.0
NSW,118.42
NSW,130.0
NSW,117.63
NSW,118.33
NSW,114.36
NSW,110.06
NSW,140.42
NSW,142.55
NSW,141.57
NSW,113.03
NSW,140.49
NSW,109.58
NSW,123.58
NSW,123.57
NSW,139.29
NSW,138.22
NSW,134.57
NSW,104.89
NSW,135.93
NSW,108.45
NSW,107.4
NSW,104.89
NSW,90.88
NSW,84.94
NSW,106.03
NSW,84.79
NSW,104.89
NSW,80.0
NSW,80.22
NSW,81.31
NSW,83.8
NSW,85.06
NSW,85.0
NSW,76.72
NSW,76.72
NSW,76.0
NSW,76.72
NSW,85.03
NSW,76.01
NSW,74.39
NSW,75.8
NSW,76.0
NSW,56.98
NSW,80.72
NSW,75.8
NSW,76.0
NSW,76.0
NSW,60.63
NSW,75.8
NSW,74.0
NSW,60.64
NSW,76.0
NSW,56.98
NSW,57.0
NSW,57.0
NSW,61.55
NSW,61.55
NSW,57.0
NSW,80.0
NSW,61.55
NSW,70.0
NSW,61.55
NSW,70.0
NSW,73.45
NSW,70.0
NSW,70.0
NSW,67.68
NSW,70.0
NSW,70.0
NSW,70.0
NSW,70.0
NSW,76.0
NSW,61.55
NSW,70.0
NSW,76.0
NSW,73.25
NSW,75.8
NSW,87.89
NSW,76.0
NSW,87.0
NSW,85.56
NSW,76.72
NSW,76.26
NSW,76.72
NSW,76.0
NSW,82.05
NSW,76.0
NSW,61.55
NSW,76.0
NSW,76.0
NSW,75.8
NSW,56.98
NSW,49.67
NSW,50.09
NSW,36.03
NSW,0.0
NSW,34.45
NSW,8.48
NSW,8.6
NSW,0.0
NSW,0.0
NSW,0.0
NSW,8.18
NSW,9.07
NSW,8.46
NSW,57.0
NSW,37.27
NSW,0.15
NSW,57.0
NSW,140.96
NSW,102.7
NSW,76.0
NSW,76.0
NSW,65.0
NSW,87.89
NSW,102.95
NSW,87.89
NSW,65.0
NSW,61.52
NSW,65.24
NSW,76.72
NSW,76.0
NSW,65.0
NSW,65.0
NSW,61.08
NSW,65.0
NSW,76.72
NSW,76.72
NSW,65.0
NSW,225.6
NSW,61.03
NSW,65.0
NSW,65.0
NSW,57.0
NSW,60.15
NSW,65.0
NSW,71.83
NSW,65.0
NSW,103.05
NSW,102.6
NSW,76.0
NSW,75.8
NSW,35.88
NSW,37.0
NSW,233.3
NSW,57.0
NSW,57.0
NSW,39.61
NSW,37.0
NSW,37.0
NSW,54.69
NSW,35.88
NSW,35.88
NSW,54.35
NSW,37.0
NSW,35.88
NSW,37.0
NSW,37.0
NSW,-39.49
NSW,52.29
NSW,37.0
NSW,-23.0
NSW,-40.51
NSW,13.75
NSW,0.99
NSW,37.0
NSW,0.44
NSW,0.0
NSW,-27.35
NSW,0.0
NSW,0.0
NSW,0.99
NSW,0.99
NSW,10.02
NSW,0.0
NSW,0.99
NSW,39.0
NSW,37.0
NSW,38.53
NSW,7.03
NSW,46.99
NSW,93.89
NSW,95.46
NSW,65.0
NSW,0.99
NSW,37.0
NSW,57.0
NSW,103.96
NSW,57.0
NSW,45.0
NSW,49.23
NSW,48.85
NSW,38.41
NSW,37.64
NSW,0.0
NSW,-1.93
NSW,0.0
NSW,-1.9
NSW,-0.01
NSW,-32.1
NSW,-24.18
NSW,0.0
NSW,33.67
NSW,44.21
NSW,-1.9
NSW,-1.92
NSW,0.0
NSW,9.65
NSW,10.04
NSW,55.47
NSW,55.43
NSW,56.67
NSW,69.99
NSW,74.76
NSW,93.26
NSW,110.1
NSW,91.91
NSW,147.93
NSW,147.06
NSW,140.73
NSW,107.16
NSW,147.67
NSW,121.25
NSW,224.37
NSW,226.26
NSW,282.6
NSW,265.93
NSW,299.98
NSW,208.42
NSW,275.24
NSW,221.05
NSW,211.0
NSW,223.62
NSW,225.02
NSW,222.1
NSW,223.55
NSW,224.0
NSW,225.89
NSW,203.05
NSW,200.51
NSW,198.33
NSW,175.51
NSW,173.39
NSW,164.96
NSW,158.82
NSW,154.69
NSW,165.21
NSW,166.09
NSW,160.3
NSW,160.8
NSW,235.14
NSW,190.6
NSW,142.62
NSW,135.96
NSW,113.95
NSW,111.79
NSW,118.18
NSW,143.91
NSW,150.88
NSW,150.89
NSW,155.97
NSW,154.16
NSW,154.46
NSW,152.47
NSW,147.53
NSW,146.48
NSW,104.52
NSW,94.59
NSW,90.37
NSW,103.72
NSW,115.81
NSW,103.8
NSW,93.24
NSW,105.94
NSW,91.76
NSW,92.96
NSW,107.64
NSW,151.83
NSW,149.54
NSW,104.96
NSW,103.3
NSW,87.89
NSW,89.18
NSW,100.01
NSW,89.91
NSW,89.41
NSW,87.37
NSW,87.89
NSW,87.62
NSW,87.81
NSW,87.81
NSW,76.0
NSW,76.72
NSW,76.72
NSW,89.15
NSW,104.89
NSW,87.3
NSW,75.8
NSW,76.72
NSW,76.0
NSW,69.99
NSW,61.55
NSW,57.93
NSW,61.55
NSW,61.55
NSW,61.55
NSW,70.0
NSW,65.0
NSW,70.0
NSW,65.0
NSW,65.0
NSW,65.0
NSW,76.0
NSW,87.02
NSW,76.0
NSW,76.0
NSW,65.26
NSW,70.0
NSW,70.0
NSW,73.46
NSW,75.8
NSW,73.54
NSW,76.0
NSW,70.0
NSW,76.0
NSW,76.0
NSW,76.72
NSW,76.0
NSW,75.8
NSW,73.21
NSW,74.2
NSW,76.0
NSW,75.8
NSW,75.8
NSW,74.59
NSW,70.0
NSW,75.8
NSW,76.0
NSW,76.0
NSW,76.0
NSW,75.8
NSW,60.66
NSW,75.8
NSW,75.8
NSW,75.8
NSW,75.8
NSW,75.8
NSW,76.0
NSW,70.0
NSW,70.0
NSW,70.0
NSW,70.0
NSW,70.0
NSW,70.0
NSW,70.0
NSW,70.0
NSW,70.0
NSW,76.0
NSW,76.0
NSW,76.72
NSW,70.0
NSW,75.8
NSW,71.55
NSW,75.8
NSW,76.0
NSW,79.21
NSW,70.0
NSW,70.0
NSW,76.0
NSW,76.0
NSW,76.0
NSW,73.96
NSW,70.0
NSW,74.2
NSW,79.21
NSW,75.8
NSW,56.98
NSW,56.98
NSW,57.0
NSW,56.81
NSW,46.08
NSW,0.54
NSW,0.24
NSW,0.0
NSW,0.0
NSW,-19.63
NSW,-19.54
NSW,0.0
NSW,0.0
NSW,-20.33
NSW,0.0
NSW,65.0
NSW,57.0
NSW,63.32
NSW,76.72
NSW,56.98
NSW,57.0
NSW,57.0
NSW,56.98
NSW,7.63
NSW,45.0
NSW,57.0
NSW,172.58
NSW,76.0
NSW,56.98
NSW,57.0
NSW,45.0
NSW,65.0
NSW,61.55
NSW,56.98
NSW,56.98
NSW,10.02
NSW,37.0
NSW,10.02
NSW,10.02
NSW,237.6
NSW,10.02
NSW,10.02
NSW,-39.71
NSW,10.02
NSW,452.76
NSW,56.98
NSW,28.81
NSW,37.0
NSW,28.77
NSW,15.87
NSW,28.84
NSW,94.92
NSW,43.84
NSW,50.73
NSW,42.43
NSW,28.75
NSW,42.41
NSW,15.87
NSW,37.0
NSW,37.0
NSW,-40.29
NSW,26.74
NSW,-40.64
NSW,65.0
NSW,-39.96
NSW,0.99
NSW,-40.9
NSW,7.93
NSW,37.0
NSW,-40.51
NSW,-35.23
NSW,-40.51
NSW,0.99
NSW,-40.51
NSW,7.93
NSW,-27.37
NSW,-32.66
NSW,7.93
NSW,10.02
NSW,7.93
NSW,-33.17
NSW,10.02
NSW,0.99
NSW,65.0
NSW,37.0
NSW,-40.5
NSW,219.19
NSW,63.35
NSW,65.0
NSW,57.0
NSW,57.0
NSW,15.87
NSW,57.0
NSW,-28.99
NSW,7.93
NSW,56.98
NSW,68.54
NSW,65.0
NSW,57.0
NSW,57.0
NSW,50.08
NSW,57.0
NSW,57.0
NSW,49.25
NSW,48.94
NSW,15.87
NSW,24.62
NSW,0.0
NSW,-7.52
NSW,-30.85
NSW,-35.0
NSW,15.19
NSW,-25.17
NSW,0.0
NSW,0.0
NSW,0.0
NSW,87.61
NSW,10.02
NSW,0.0
NSW,4.88
NSW,43.33
NSW,72.76
NSW,41.13
NSW,33.26
NSW,42.99
NSW,70.08
NSW,69.92
NSW,74.43
NSW,61.55
NSW,68.67
NSW,100.82
NSW,90.37
NSW,103.66
NSW,100.01
NSW,69.99
NSW,118.54
NSW,130.0
NSW,102.72
NSW,130.0
NSW,130.0
NSW,93.74
NSW,93.72
NSW,112.83
NSW,100.01
NSW,130.0
NSW,129.86
NSW,130.0
NSW,130.0
NSW,130.0
NSW,112.67
NSW,113.51
NSW,112.85
NSW,112.89
NSW,115.27
NSW,105.27
NSW,102.75
NSW,103.49
NSW,106.14
NSW,104.89
NSW,103.07
NSW,101.95
NSW,102.6
NSW,103.36
NSW,100.01
NSW,100.79
NSW,98.39
NSW,101.48
NSW,100.01
NSW,100.01
NSW,100.01
NSW,100.01
NSW,100.01
NSW,100.01
NSW,76.0
NSW,85.73
NSW,94.84
NSW,100.01
NSW,100.01
NSW,104.89
NSW,88.95
NSW,100.01
NSW,87.89
NSW,90.42
NSW,89.31
NSW,89.77
NSW,76.0
NSW,75.0
NSW,75.28
NSW,76.0
NSW,100.01
NSW,103.1
NSW,103.94
NSW,100.01
NSW,104.12
NSW,105.45
NSW,106.03
NSW,104.89
NSW,104.89
NSW,100.01
NSW,104.89
NSW,107.0
NSW,104.89
NSW,100.01
NSW,100.01
NSW,103.0
NSW,100.01
NSW,100.01
NSW,113.68
NSW,104.89
NSW,103.0
NSW,101.59
NSW,116.13
NSW,116.98
NSW,114.83
NSW,116.73
NSW,100.55
NSW,117.09
NSW,113.55
NSW,114.44
NSW,113.83
NSW,113.88
NSW,100.29
NSW,100.01
NSW,101.05
NSW,104.89
NSW,103.0
NSW,100.01
NSW,87.5
NSW,87.5
NSW,93.27
NSW,100.01
NSW,103.0
NSW,105.99
NSW,105.38
NSW,113.78
NSW,105.37
NSW,107.01
NSW,99.91
NSW,103.0
NSW,103.0
NSW,93.68
NSW,93.75
NSW,76.0
NSW,77.42
NSW,75.8
NSW,75.8
NSW,76.0
NSW,69.99
NSW,75.8
NSW,77.65
NSW,69.99
NSW,69.99
NSW,76.72
NSW,75.8
NSW,76.0
NSW,76.0
NSW,76.0
NSW,69.99
NSW,69.99
NSW,76.72
NSW,70.0
NSW,75.8
NSW,70.0
NSW,76.0
NSW,75.8
NSW,76.5
NSW,75.8
NSW,63.99
NSW,70.0
NSW,70.0
NSW,76.72
NSW,76.5
NSW,71.21
NSW,70.0
NSW,76.0
NSW,76.0
NSW,76.72
NSW,76.0
NSW,71.74
NSW,75.8
NSW,75.8
NSW,75.8
NSW,70.0
NSW,70.0
NSW,61.55
NSW,57.0
NSW,57.0
NSW,57.0
NSW,45.93
NSW,0.0
NSW,0.0
NSW,-3.93
NSW,-6.44
NSW,-8.85
NSW,-4.85
NSW,-4.85
NSW,-4.88
NSW,3.56
NSW,3.82
NSW,-5.18
NSW,-5.1
NSW,4.6
NSW,7.06
NSW,57.02
NSW,53.7
NSW,61.31
NSW,60.88
NSW,57.0
NSW,57.0
NSW,65.0
NSW,33.56
NSW,-7.21
NSW,57.0
NSW,67.93
NSW,65.0
NSW,57.0
NSW,57.0
NSW,35.75
NSW,51.99
NSW,54.94
NSW,-1.15
NSW,35.74
NSW,35.75
NSW,-51.42
NSW,-49.28
NSW,-45.0
NSW,-49.96
NSW,-50.57
NSW,-50.39
NSW,-45.01
NSW,-51.12
NSW,-51.86
NSW,-51.71
NSW,-50.98
NSW,-51.01
NSW,-44.1
NSW,-50.15
NSW,-51.24
NSW,-43.18
NSW,35.24
NSW,-44.1
NSW,-51.07
NSW,35.22
NSW,-37.3
NSW,10.02
NSW,-33.66
NSW,-44.1
NSW,-50.83
NSW,35.75
NSW,40.23
NSW,0.99
NSW,35.79
NSW,-41.27
NSW,-48.92
NSW,-41.27
NSW,-39.73
NSW,-45.0
NSW,-45.0
NSW,-44.1
NSW,0.99
NSW,45.0
NSW,57.0
NSW,437.08
NSW,56.98
NSW,57.0
NSW,-44.1
NSW,-45.01
NSW,-47.24
NSW,-49.31
NSW,-48.36
NSW,-47.53
NSW,-48.14
NSW,-45.0
NSW,-41.27
NSW,4.43
NSW,4.38
NSW,7.12
NSW,56.98
NSW,7.58
NSW,24.28
NSW,10.02
NSW,12.64
NSW,10.02
NSW,73.24
NSW,78.91
NSW,75.9
NSW,65.0
NSW,14.74
NSW,109.06
NSW,62.18
NSW,86.92
NSW,100.01
NSW,100.01
NSW,65.0
NSW,-8.63
NSW,59.15
NSW,61.68
NSW,2.45
NSW,-36.29
NSW,84.31
NSW,61.49
NSW,35.88
NSW,70.0
NSW,71.61
NSW,0.0
NSW,75.5
NSW,38.91
NSW,57.02
NSW,57.0
NSW,54.4
NSW,49.35
NSW,70.0
NSW,71.49
NSW,76.0
NSW,76.9
NSW,101.77
NSW,77.75
NSW,86.78
NSW,113.66
NSW,130.0
NSW,220.32
NSW,220.97
NSW,76.0
NSW,97.95
NSW,119.23
NSW,130.0
NSW,130.0
NSW,185.42
NSW,130.0
NSW,146.69
NSW,216.15
NSW,213.55
NSW,205.15
NSW,165.1
NSW,160.84
NSW,146.53
NSW,134.97
NSW,104.89
NSW,130.0
NSW,114.36
NSW,114.39
NSW,123.24
NSW,110.52
NSW,103.72
NSW,106.02
NSW,106.65
NSW,81.52
NSW,90.72
NSW,87.89
NSW,100.01
NSW,96.03
NSW,103.26
NSW,102.79
NSW,94.94
NSW,111.15
NSW,106.59
NSW,104.89
NSW,95.65
NSW,104.89
NSW,104.89
NSW,104.89
NSW,104.79
NSW,103.0
NSW,104.89
NSW,104.89
NSW,107.97
NSW,89.17
NSW,88.83
NSW,74.85
NSW,76.0
NSW,73.1
NSW,70.33
NSW,76.0
NSW,74.98
NSW,63.47
NSW,56.9
NSW,68.56
NSW,128.75
NSW,79.93
NSW,61.97
NSW,61.39
NSW,61.55
NSW,76.0
NSW,62.47
NSW,62.47
NSW,61.98
NSW,61.99
NSW,62.62
NSW,76.0
NSW,76.72
NSW,95.64
NSW,76.72
NSW,65.0
NSW,62.05
NSW,72.99
NSW,76.0
NSW,76.0
NSW,76.0
NSW,71.14
NSW,70.93
NSW,73.39
NSW,76.0
NSW,71.63
NSW,76.0
NSW,71.73
NSW,72.03
NSW,72.02
NSW,72.9
NSW,72.01
NSW,72.9
NSW,61.55
NSW,65.0
NSW,69.99
NSW,72.89
NSW,75.09
NSW,61.55
NSW,57.0
NSW,61.55
NSW,61.32
NSW,65.0
NSW,56.98
NSW,56.98
NSW,56.52
NSW,56.98
NSW,56.98
NSW,57.0
NSW,57.0
NSW,56.98
NSW,56.98
NSW,57.0
NSW,57.0
NSW,55.98
NSW,56.98
NSW,55.97
NSW,56.98
NSW,56.98
NSW,55.3
NSW,61.08
NSW,56.98
NSW,56.98
NSW,54.57
NSW,54.62
NSW,54.32
NSW,54.62
NSW,54.65
NSW,43.84
NSW,54.34
NSW,43.82
NSW,38.37
NSW,42.73
NSW,42.8
NSW,40.54
NSW,40.56
NSW,42.82
NSW,40.55
NSW,42.54
NSW,42.17
NSW,42.78
NSW,35.88
NSW,42.41
NSW,42.5
NSW,42.75
NSW,42.34
NSW,37.0
NSW,42.77
NSW,42.41
NSW,37.0
NSW,42.39
NSW,37.0
NSW,43.24
NSW,40.81
NSW,42.73
NSW,44.09
NSW,43.9
NSW,44.42
NSW,9.79
NSW,0.25
NSW,0.0
NSW,-20.7
NSW,-23.0
NSW,-28.04
NSW,-33.25
NSW,-40.51
NSW,-42.01
NSW,-41.31
NSW,-41.37
NSW,-40.51
NSW,-41.37
NSW,-40.51
NSW,-40.51
NSW,-40.51
NSW,-39.68
NSW,-39.61
NSW,-34.29
NSW,-41.37
NSW,-43.18
NSW,-44.1
NSW,-43.18
NSW,-44.1
NSW,-42.01
NSW,-43.18
NSW,-43.18
NSW,-43.18
NSW,-43.18
NSW,-44.1
NSW,-46.44
NSW,-45.0
NSW,-46.11
NSW,-47.0
NSW,-50.09
NSW,-54.94
NSW,-51.26
NSW,-48.37
NSW,-48.98
NSW,-52.72
NSW,-54.45
NSW,-55.27
NSW,-55.87
NSW,-57.05
NSW,-51.88
NSW,-52.95
NSW,-56.43
NSW,-55.39
NSW,-53.97
NSW,-51.33
NSW,-57.05
NSW,-58.02
NSW,-57.05
NSW,-56.66
NSW,-56.2
NSW,-54.73
NSW,-57.05
NSW,-57.05
NSW,-57.05
NSW,-57.05
NSW,-57.05
NSW,-57.05
NSW,-57.05
NSW,-57.05
NSW,-57.05
NSW,-57.05
NSW,-57.05
NSW,-57.05
NSW,-57.05
NSW,-53.92
NSW,-57.05
NSW,-55.16
NSW,-53.15
NSW,-52.83
NSW,-57.05
NSW,-57.05
NSW,-57.05
NSW,-55.89
NSW,-57.05
NSW,-54.7
NSW,-57.05
NSW,-55.62
NSW,-52.91
NSW,-51.45
NSW,-50.84
NSW,-51.46
NSW,-52.19
NSW,-50.34
NSW,-50.03
NSW,-50.44
NSW,-49.95
NSW,-47.0
NSW,-45.67
NSW,-45.0
NSW,-43.18
NSW,-42.01
NSW,-42.01
NSW,-41.51
NSW,-38.65
NSW,-41.27
NSW,-40.5
NSW,-40.51
NSW,-40.51
NSW,-40.5
NSW,-39.13
NSW,-38.37
NSW,-37.36
NSW,-36.2
NSW,-34.0
NSW,-33.78
NSW,-23.0
NSW,-30.5
NSW,-24.81
NSW,-23.14
NSW,31.87
NSW,74.45
NSW,60.93
NSW,-27.78
NSW,-21.84
NSW,0.0
NSW,6.2
NSW,42.46
NSW,75.8
NSW,32.44
NSW,42.91
NSW,0.21
NSW,0.0
NSW,0.0
NSW,15.45
NSW,7.81
NSW,0.0
NSW,8.01
NSW,8.26
NSW,69.99
NSW,61.55
NSW,61.31
NSW,61.78
NSW,57.0
NSW,45.81
NSW,61.55
NSW,57.0
NSW,61.52
NSW,61.55
NSW,62.49
NSW,61.86
NSW,62.29
NSW,62.22
NSW,69.99
NSW,76.0
NSW,76.0
NSW,69.99
NSW,61.55
NSW,62.77
NSW,61.55
NSW,69.99
NSW,61.55
NSW,69.99
NSW,62.54
NSW,69.99
NSW,69.99
NSW,69.99
NSW,69.99
NSW,69.99
NSW,69.99
NSW,69.99
NSW,69.99
NSW,76.0
NSW,69.99
NSW,69.99
NSW,69.99
NSW,69.99
NSW,69.99
NSW,69.99
NSW,57.0
NSW,57.01
NSW,57.0
NSW,57.01
NSW,61.45
NSW,57.01
NSW,61.55
NSW,61.55
NSW,57.01
NSW,57.0
NSW,56.98
NSW,56.98
NSW,56.98
NSW,57.01
NSW,56.98
NSW,56.98
NSW,57.0
NSW,57.0
NSW,61.55
NSW,61.55
NSW,57.0
NSW,61.55
NSW,56.98
NSW,57.0
NSW,57.0
NSW,57.0
NSW,56.98
NSW,56.98
NSW,57.0
NSW,61.55
NSW,57.0
NSW,56.98
NSW,54.39
NSW,57.0
NSW,57.0
NSW,57.0
NSW,56.98
NSW,57.0
NSW,56.98
NSW,57.0
NSW,57.0
NSW,69.99
NSW,56.98
NSW,57.0
NSW,54.0
NSW,57.0
NSW,59.38
NSW,69.99
NSW,52.31
NSW,54.4
NSW,56.98
NSW,57.0
NSW,65.0
NSW,69.99
NSW,53.55
NSW,56.98
NSW,57.0
NSW,57.0
NSW,57.0
NSW,59.38
NSW,57.0
NSW,57.0
NSW,57.0
NSW,57.0
NSW,54.39
NSW,57.0
NSW,57.0
NSW,57.0
NSW,57.0
NSW,57.0
NSW,57.0
NSW,57.0
NSW,57.0
NSW,57.0
NSW,57.0
NSW,57.0
NSW,57.0
NSW,57.0
NSW,56.98
NSW,56.98
NSW,56.98
NSW,56.98
NSW,56.98
NSW,56.98
NSW,56.98
NSW,57.0
NSW,57.0
NSW,57.0
NSW,56.98
NSW,56.98
NSW,56.98
NSW,56.98
NSW,53.21
NSW,56.98
NSW,57.0
NSW,57.0
NSW,56.98
NSW,50.72
NSW,56.98
NSW,56.98
NSW,45.63
NSW,57.0
NSW,57.0
NSW,56.98
NSW,57.0
NSW,59.47
NSW,57.0
NSW,61.0
NSW,57.0
NSW,45.31
NSW,43.03
NSW,35.88
NSW,33.47
NSW,-4.53
NSW,-23.0
NSW,-23.18
NSW,-24.04
NSW,-35.67
NSW,-35.93
NSW,-35.31
NSW,-39.34
NSW,-37.79
NSW,-37.38
NSW,-39.5
NSW,-40.05
NSW,-37.35
NSW,-36.35
NSW,-39.31
NSW,-40.5
NSW,-40.51
NSW,-40.72
NSW,-41.1
NSW,-42.01
NSW,-43.18
NSW,-43.45
NSW,-42.67
NSW,-42.29
NSW,-43.05
NSW,-44.1
NSW,-44.1
NSW,-45.0
NSW,-45.79
NSW,-44.91
NSW,-45.01
NSW,-43.18
NSW,-46.43
NSW,-45.0
NSW,-43.67
NSW,-43.31
NSW,-43.18
NSW,-45.0
NSW,-44.44
NSW,-44.1
NSW,-44.1
NSW,-45.0
NSW,-44.59
NSW,-45.0
NSW,-47.0
NSW,-47.0
NSW,-46.01
NSW,-47.0
NSW,-46.43
NSW,-47.0
NSW,-46.01
NSW,-52.65
NSW,-46.43
NSW,-57.05
NSW,-46.43
NSW,-52.13
NSW,-56.72
NSW,-49.6
NSW,-52.36
NSW,-55.2
NSW,-50.53
NSW,-49.79
NSW,-46.01
NSW,-54.45
NSW,-57.05
NSW,-57.05
NSW,-57.05
NSW,-57.05
NSW,-57.05
NSW,-57.05
NSW,-57.05
NSW,-57.05
NSW,-57.05
NSW,-57.05
NSW,-57.05
NSW,-57.05
NSW,-57.05
NSW,-49.63
NSW,-57.05
NSW,-57.05
NSW,-57.05
NSW,-51.3
NSW,-57.05
NSW,-57.05
NSW,-47.0
NSW,-47.0
NSW,-57.05
NSW,-57.05
NSW,-46.01
NSW,-46.43
NSW,-47.0
NSW,-57.05
NSW,-46.43
NSW,-47.0
NSW,-47.0
NSW,-46.43
NSW,-46.01
NSW,-46.01
NSW,-45.01
NSW,-44.1
NSW,-45.0
NSW,-45.0
NSW,-45.0
NSW,-44.1
NSW,-43.18
NSW,-41.51
NSW,-40.5
NSW,-47.0
NSW,-40.51
NSW,-44.1
NSW,-38.46
NSW,-40.51
NSW,-38.46
NSW,-40.51
NSW,-3.75
NSW,46.22
NSW,0.0
NSW,0.8
NSW,85.63
NSW,0.0
NSW,0.0
NSW,-24.03
NSW,-24.28
NSW,-40.51
NSW,-38.46
NSW,-47.0
NSW,-40.5
NSW,-40.51
NSW,-38.46
NSW,-22.95
NSW,75.8
NSW,49.96
NSW,57.07
NSW,0.63
NSW,76.0
NSW,64.24
NSW,76.0
NSW,57.0
NSW,69.99
NSW,69.99
NSW,57.0
NSW,57.0
NSW,100.0
NSW,66.72
NSW,54.01
NSW,76.0
NSW,88.59
NSW,76.0
NSW,75.8
NSW,76.0
NSW,76.0
NSW,87.89
NSW,75.8
NSW,69.99
NSW,69.99
NSW,76.0
NSW,75.0
NSW,76.0
NSW,69.99
NSW,60.72
NSW,76.0
NSW,57.01
NSW,76.0
NSW,76.0
NSW,76.0
NSW,75.75
NSW,76.0
NSW,68.54
NSW,68.54
NSW,57.01
NSW,41.68
NSW,57.01
NSW,33.91
NSW,48.32
NSW,57.01
NSW,42.94
NSW,57.0
NSW,57.0
NSW,57.0
NSW,57.0
NSW,57.0
NSW,57.0
NSW,57.01
NSW,10.84
NSW,54.35
NSW,57.0
NSW,57.0
NSW,57.0
NSW,57.0
NSW,56.98
NSW,57.0
NSW,57.0
NSW,57.0
NSW,57.01
NSW,56.98
NSW,56.98
NSW,57.0
NSW,57.0
NSW,60.88
NSW,69.99
NSW,57.0
NSW,56.98
NSW,60.21
NSW,57.0
NSW,69.99
NSW,17.66
NSW,56.98
NSW,56.98
NSW,57.0
NSW,69.99
NSW,56.98
NSW,57.0
NSW,56.98
NSW,57.0
NSW,65.0
QLD,110.83
QLD,110.83
QLD,110.83
QLD,110.37
QLD,110.46
QLD,110.37
QLD,112.95
QLD,112.75
QLD,94.33
QLD,110.83
QLD,96.75
QLD,110.83
QLD,110.83
QLD,110.83
QLD,110.83
QLD,110.37
QLD,110.37
QLD,89.18
QLD,93.85
QLD,96.75
QLD,93.38
QLD,90.28
QLD,81.15
QLD,80.6
QLD,80.03
QLD,96.75
QLD,77.95
QLD,94.84
QLD,80.52
QLD,77.75
QLD,83.15
QLD,88.39
QLD,90.31
QLD,90.25
QLD,96.75
QLD,96.75
QLD,77.95
QLD,104.86
QLD,105.68
QLD,104.95
QLD,104.97
QLD,100.95
QLD,96.75
QLD,104.97
QLD,105.06
QLD,106.4
QLD,105.65
QLD,109.14
QLD,74.56
QLD,76.91
QLD,79.28
QLD,96.95
QLD,84.12
QLD,96.75
QLD,96.95
QLD,107.73
QLD,107.73
QLD,107.73
QLD,107.73
QLD,112.75
QLD,96.75
QLD,96.75
QLD,96.95
QLD,96.95
QLD,107.73
QLD,107.73
QLD,114.1
QLD,110.83
QLD,110.83
QLD,110.83
QLD,110.83
QLD,110.27
QLD,110.22
QLD,84.91
QLD,79.03
QLD,77.75
QLD,77.75
QLD,76.54
QLD,73.06
QLD,58.29
QLD,55.53
QLD,52.17
QLD,8.9
QLD,11.82
QLD,0.16
QLD,0.0
QLD,0.0
QLD,-18.89
QLD,0.0
QLD,0.14
QLD,0.0
QLD,0.0
QLD,-18.89
QLD,-18.89
QLD,-18.89
QLD,-18.89
QLD,-18.89
QLD,-18.89
QLD,-18.89
QLD,-18.89
QLD,-18.89
QLD,-25.0
QLD,-30.19
QLD,-25.82
QLD,-35.0
QLD,-35.1
QLD,-35.1
QLD,-35.1
QLD,-35.47
QLD,-35.1
QLD,-35.1
QLD,-35.87
QLD,-35.1
QLD,-35.47
QLD,-35.1
QLD,-35.1
QLD,-35.1
QLD,-35.1
QLD,-35.47
QLD,-35.1
QLD,-35.1
QLD,-31.11
QLD,-25.82
QLD,-31.11
QLD,-25.82
QLD,-30.19
QLD,-30.19
QLD,-25.82
QLD,-35.1
QLD,-25.82
QLD,-25.0
QLD,-38.34
QLD,-36.56
QLD,-35.1
QLD,-35.1
QLD,-35.47
QLD,-35.1
QLD,-35.47
QLD,-41.48
QLD,-38.14
QLD,-38.91
QLD,-41.6
QLD,-38.49
QLD,-38.25
QLD,-38.71
QLD,-38.75
QLD,-38.98
QLD,-38.95
QLD,-39.0
QLD,-38.96
QLD,-38.94
QLD,-35.47
QLD,-39.44
QLD,-36.56
QLD,-39.18
QLD,-35.1
QLD,-35.47
QLD,-39.44
QLD,-35.1
QLD,-36.56
QLD,-40.78
QLD,-40.32
QLD,-40.06
QLD,-37.8
QLD,-35.47
QLD,-35.47
QLD,-35.1
QLD,-25.82
QLD,-25.82
QLD,0.0
QLD,0.0
QLD,0.0
QLD,0.0
QLD,57.68
QLD,-25.19
QLD,-26.06
QLD,-35.01
QLD,-25.82
QLD,-25.82
QLD,-17.48
QLD,-25.82
QLD,-25.82
QLD,-25.82
QLD,-18.85
QLD,0.0
QLD,44.95
QLD,42.88
QLD,96.95
QLD,40.96
QLD,57.37
QLD,96.95
QLD,112.5
QLD,-22.55
QLD,-2.03
QLD,-0.91
QLD,0.0
QLD,34.75
QLD,59.84
QLD,86.83
QLD,73.06
QLD,44.75
QLD,123.01
QLD,67.36
QLD,109.42
QLD,123.47
QLD,133.07
QLD,163.8
QLD,131.78
QLD,180.01
QLD,256.67
QLD,180.01
QLD,277.73
QLD,261.78
QLD,248.51
QLD,315.17
QLD,315.53
QLD,239.2
QLD,268.99
QLD,315.93
QLD,299.63
QLD,312.18
QLD,314.34
QLD,299.63
QLD,312.35
QLD,312.49
QLD,312.24
QLD,284.95
QLD,267.01
QLD,256.06
QLD,241.34
QLD,202.18
QLD,177.73
QLD,177.73
QLD,149.44
QLD,182.73
QLD,138.72
QLD,134.66
QLD,131.85
QLD,117.69
QLD,118.49
QLD,128.15
QLD,126.81
QLD,129.95
QLD,130.69
QLD,129.95
QLD,129.95
QLD,122.64
QLD,129.95
QLD,119.44
QLD,127.56
QLD,112.95
QLD,110.83
QLD,126.26
QLD,127.02
QLD,118.88
QLD,110.83
QLD,110.83
QLD,111.61
QLD,128.01
QLD,118.01
QLD,119.49
QLD,110.46
QLD,110.46
QLD,110.37
QLD,130.46
QLD,143.41
QLD,147.65
QLD,129.95
QLD,145.93
QLD,143.45
QLD,145.51
QLD,153.77
QLD,129.92
QLD,120.55
QLD,112.95
QLD,128.87
QLD,117.31
QLD,127.12
QLD,115.63
QLD,117.79
QLD,112.95
QLD,110.69
QLD,138.55
QLD,141.45
QLD,141.28
QLD,112.75
QLD,141.85
QLD,110.37
QLD,123.01
QLD,123.01
QLD,141.1
QLD,140.69
QLD,136.2
QLD,106.66
QLD,140.0
QLD,110.83
QLD,110.46
QLD,109.17
QLD,93.83
QLD,88.78
QLD,110.83
QLD,89.61
QLD,109.53
QLD,84.49
QLD,85.15
QLD,86.84
QLD,88.32
QLD,90.82
QLD,90.78
QLD,80.3
QLD,79.72
QLD,80.04
QLD,80.19
QLD,88.91
QLD,79.0
QLD,77.75
QLD,78.73
QLD,79.92
QLD,59.47
QLD,85.45
QLD,78.24
QLD,80.26
QLD,79.83
QLD,63.68
QLD,79.12
QLD,77.75
QLD,64.09
QLD,79.78
QLD,59.82
QLD,59.45
QLD,59.42
QLD,64.6
QLD,65.04
QLD,59.39
QLD,84.02
QLD,64.58
QLD,73.04
QLD,64.68
QLD,73.08
QLD,77.75
QLD,74.06
QLD,75.33
QLD,93.13
QLD,93.46
QLD,96.75
QLD,96.75
QLD,96.75
QLD,110.83
QLD,86.83
QLD,96.75
QLD,112.75
QLD,77.57
QLD,79.74
QLD,93.69
QLD,93.13
QLD,93.13
QLD,91.43
QLD,93.13
QLD,80.97
QLD,81.0
QLD,80.26
QLD,85.77
QLD,78.04
QLD,61.24
QLD,77.5
QLD,78.45
QLD,80.61
QLD,59.6
QLD,52.0
QLD,51.1
QLD,36.76
QLD,0.0
QLD,33.73
QLD,8.24
QLD,8.47
QLD,0.0
QLD,0.0
QLD,0.0
QLD,7.65
QLD,8.83
QLD,8.06
QLD,54.89
QLD,34.75
QLD,-18.89
QLD,-18.89
QLD,-18.89
QLD,-18.89
QLD,0.0
QLD,-18.89
QLD,-18.89
QLD,-18.89
QLD,15.73
QLD,0.0
QLD,12.61
QLD,0.0
QLD,-18.89
QLD,-18.89
QLD,-25.0
QLD,-30.19
QLD,-18.89
QLD,-25.82
QLD,-18.89
QLD,-35.01
QLD,-25.0
QLD,-30.19
QLD,-35.01
QLD,-35.1
QLD,-35.1
QLD,-25.82
QLD,-27.73
QLD,-27.73
QLD,-25.82
QLD,-25.0
QLD,-18.89
QLD,-31.11
QLD,-35.01
QLD,-35.1
QLD,-35.1
QLD,-35.1
QLD,-35.1
QLD,-35.1
QLD,-35.1
QLD,-35.1
QLD,-35.1
QLD,-35.1
QLD,-35.1
QLD,-35.1
QLD,-35.1
QLD,-25.82
QLD,-25.82
QLD,-35.01
QLD,-35.1
QLD,-35.1
QLD,-35.1
QLD,-35.64
QLD,-35.1
QLD,-35.1
QLD,-35.1
QLD,-35.64
QLD,-25.82
QLD,-35.1
QLD,-35.1
QLD,0.0
QLD,0.0
QLD,-25.0
QLD,0.0
QLD,0.0
QLD,0.0
QLD,0.89
QLD,1.02
QLD,0.0
QLD,0.0
QLD,34.84
QLD,33.5
QLD,34.75
QLD,6.33
QLD,42.88
QLD,86.83
QLD,86.83
QLD,58.08
QLD,0.12
QLD,33.15
QLD,52.08
QLD,94.75
QLD,51.07
QLD,40.87
QLD,44.75
QLD,44.75
QLD,34.75
QLD,34.75
QLD,0.0
QLD,-1.95
QLD,0.0
QLD,-1.84
QLD,-0.01
QLD,-32.34
QLD,-25.0
QLD,0.0
QLD,34.75
QLD,44.95
QLD,-1.92
QLD,-1.94
QLD,0.0
QLD,9.72
QLD,10.13
QLD,55.76
QLD,55.08
QLD,57.68
QLD,71.24
QLD,77.95
QLD,96.95
QLD,113.94
QLD,95.31
QLD,147.04
QLD,145.62
QLD,135.34
QLD,107.73
QLD,146.19
QLD,123.0
QLD,228.01
QLD,228.75
QLD,284.51
QLD,269.85
QLD,299.63
QLD,215.41
QLD,277.73
QLD,228.75
QLD,218.26
QLD,228.75
QLD,228.75
QLD,228.75
QLD,228.75
QLD,228.01
QLD,228.12
QLD,206.69
QLD,202.24
QLD,201.11
QLD,177.73
QLD,177.73
QLD,165.81
QLD,158.61
QLD,153.44
QLD,162.66
QLD,164.51
QLD,155.53
QLD,156.11
QLD,228.01
QLD,183.64
QLD,135.41
QLD,129.95
QLD,110.83
QLD,110.83
QLD,115.63
QLD,140.74
QLD,151.2
QLD,150.9
QLD,161.88
QLD,158.95
QLD,160.26
QLD,159.3
QLD,153.83
QLD,153.6
QLD,110.83
QLD,102.08
QLD,96.75
QLD,110.36
QLD,123.01
QLD,110.83
QLD,99.63
QLD,110.83
QLD,96.75
QLD,96.95
QLD,112.1
QLD,160.3
QLD,159.76
QLD,112.75
QLD,110.83
QLD,94.09
QLD,95.96
QLD,107.67
QLD,96.75
QLD,96.75
QLD,93.83
QLD,93.83
QLD,93.83
QLD,93.83
QLD,93.83
QLD,81.75
QLD,93.83
QLD,93.13
QLD,96.32
QLD,111.41
QLD,93.83
QLD,81.28
QLD,93.37
QLD,81.94
QLD,82.45
QLD,93.83
QLD,93.83
QLD,93.46
QLD,93.46
QLD,77.95
QLD,93.46
QLD,93.46
QLD,77.95
QLD,77.23
QLD,77.75
QLD,77.75
QLD,81.41
QLD,93.83
QLD,80.79
QLD,81.86
QLD,77.75
QLD,77.75
QLD,74.64
QLD,77.95
QLD,80.4
QLD,77.95
QLD,81.03
QLD,77.95
QLD,79.94
QLD,80.44
QLD,81.71
QLD,81.47
QLD,79.76
QLD,77.95
QLD,77.95
QLD,79.41
QLD,77.95
QLD,79.21
QLD,77.95
QLD,73.96
QLD,78.14
QLD,78.33
QLD,78.33
QLD,78.28
QLD,78.52
QLD,62.37
QLD,77.95
QLD,78.06
QLD,78.07
QLD,79.07
QLD,78.51
QLD,78.28
QLD,72.55
QLD,73.05
QLD,73.06
QLD,77.05
QLD,73.54
QLD,73.56
QLD,77.75
QLD,77.75
QLD,77.75
QLD,80.0
QLD,93.83
QLD,93.46
QLD,86.83
QLD,80.08
QLD,77.95
QLD,79.62
QLD,79.85
QLD,83.87
QLD,77.95
QLD,77.95
QLD,86.13
QLD,80.62
QLD,80.64
QLD,77.95
QLD,77.75
QLD,77.95
QLD,83.76
QLD,79.28
QLD,59.24
QLD,58.0
QLD,57.53
QLD,55.53
QLD,44.75
QLD,0.51
QLD,0.23
QLD,0.0
QLD,0.0
QLD,-18.89
QLD,-18.89
QLD,0.0
QLD,0.0
QLD,-18.89
QLD,0.0
QLD,56.2
QLD,44.75
QLD,0.0
QLD,-18.89
QLD,-18.89
QLD,-18.89
QLD,-18.89
QLD,-18.89
QLD,-18.89
QLD,-18.89
QLD,-18.89
QLD,-18.89
QLD,-18.89
QLD,-18.89
QLD,-18.89
QLD,-18.89
QLD,-18.89
QLD,-30.19
QLD,-18.89
QLD,-31.11
QLD,-35.01
QLD,-30.19
QLD,-30.19
QLD,-35.1
QLD,-35.47
QLD,-35.47
QLD,-35.1
QLD,-35.1
QLD,-35.1
QLD,-35.1
QLD,-35.1
QLD,-35.1
QLD,-35.1
QLD,-35.1
QLD,-35.1
QLD,-35.1
QLD,-35.1
QLD,-35.1
QLD,-35.1
QLD,-35.1
QLD,-35.1
QLD,-35.1
QLD,-35.1
QLD,-35.1
QLD,-35.47
QLD,-35.64
QLD,-35.1
QLD,-35.47
QLD,-35.64
QLD,-35.1
QLD,-35.1
QLD,-35.64
QLD,-35.1
QLD,-35.64
QLD,-32.88
QLD,-35.64
QLD,-33.45
QLD,-35.64
QLD,-32.78
QLD,-35.64
QLD,-35.1
QLD,-35.1
QLD,-35.64
QLD,-35.64
QLD,-35.1
QLD,-35.64
QLD,-35.1
QLD,-35.1
QLD,-35.1
QLD,-35.1
QLD,-34.12
QLD,-35.47
QLD,-35.1
QLD,-35.1
QLD,-25.82
QLD,-25.82
QLD,-25.82
QLD,-0.58
QLD,-25.0
QLD,0.0
QLD,-13.37
QLD,34.75
QLD,8.93
QLD,50.97
QLD,42.88
QLD,44.95
QLD,44.75
QLD,44.95
QLD,44.75
QLD,44.75
QLD,14.64
QLD,23.46
QLD,0.0
QLD,-7.14
QLD,-30.11
QLD,-34.4
QLD,15.17
QLD,-25.0
QLD,0.0
QLD,0.0
QLD,0.0
QLD,86.83
QLD,10.0
QLD,0.0
QLD,5.12
QLD,44.63
QLD,73.06
QLD,42.88
QLD,34.75
QLD,44.95
QLD,73.06
QLD,73.06
QLD,77.95
QLD,65.82
QLD,73.06
QLD,107.73
QLD,97.73
QLD,112.95
QLD,112.95
QLD,123.01
QLD,129.95
QLD,141.8
QLD,129.95
QLD,145.23
QLD,266.74
QLD,129.95
QLD,115.63
QLD,123.0
QLD,144.61
QLD,144.61
QLD,144.61
QLD,143.76
QLD,143.76
QLD,141.05
QLD,123.01
QLD,123.0
QLD,123.01
QLD,123.0
QLD,123.0
QLD,112.95
QLD,110.83
QLD,110.83
QLD,112.95
QLD,112.86
QLD,110.83
QLD,110.83
QLD,110.83
QLD,110.83
QLD,107.73
QLD,110.6
QLD,106.02
QLD,110.74
QLD,108.41
QLD,110.37
QLD,108.29
QLD,110.83
QLD,110.83
QLD,109.47
QLD,110.83
QLD,110.69
QLD,103.02
QLD,109.79
QLD,110.83
QLD,115.24
QLD,96.95
QLD,108.31
QLD,96.17
QLD,96.95
QLD,96.95
QLD,96.75
QLD,80.73
QLD,78.68
QLD,77.95
QLD,81.95
QLD,110.83
QLD,110.83
QLD,110.83
QLD,105.8
QLD,110.83
QLD,110.83
QLD,110.69
QLD,108.76
QLD,109.39
QLD,103.49
QLD,108.55
QLD,110.04
QLD,107.28
QLD,100.19
QLD,100.68
QLD,102.38
QLD,97.49
QLD,97.47
QLD,110.83
QLD,102.22
QLD,99.63
QLD,96.95
QLD,110.83
QLD,112.95
QLD,110.83
QLD,112.75
QLD,96.95
QLD,112.95
QLD,110.83
QLD,110.83
QLD,110.83
QLD,110.83
QLD,96.95
QLD,96.95
QLD,96.95
QLD,101.89
QLD,99.36
QLD,96.95
QLD,85.88
QLD,86.89
QLD,93.83
QLD,100.01
QLD,102.94
QLD,105.28
QLD,104.55
QLD,112.95
QLD,105.77
QLD,107.39
QLD,98.93
QLD,103.25
QLD,103.89
QLD,93.83
QLD,93.83
QLD,77.75
QLD,77.95
QLD,75.33
QLD,75.33
QLD,75.55
QLD,68.7
QLD,75.34
QLD,77.75
QLD,69.16
QLD,68.68
QLD,76.75
QLD,75.84
QLD,75.6
QLD,75.58
QLD,75.62
QLD,69.11
QLD,69.1
QLD,77.28
QLD,68.34
QLD,75.55
QLD,69.69
QLD,77.17
QLD,76.48
QLD,77.75
QLD,77.16
QLD,64.16
QLD,70.69
QLD,70.7
QLD,77.95
QLD,77.95
QLD,73.06
QLD,71.82
QLD,78.17
QLD,78.69
QLD,79.48
QLD,78.74
QLD,77.95
QLD,79.0
QLD,79.5
QLD,79.05
QLD,72.1
QLD,72.08
QLD,63.4
QLD,57.7
QLD,56.63
QLD,55.75
QLD,44.75
QLD,0.0
QLD,0.0
QLD,-3.74
QLD,-5.94
QLD,-7.96
QLD,-4.41
QLD,-18.89
QLD,-18.89
QLD,-18.89
QLD,-35.0
QLD,-35.47
QLD,-39.18
QLD,-40.43
QLD,-40.78
QLD,-37.23
QLD,-41.0
QLD,-41.0
QLD,-41.5
QLD,-41.5
QLD,-41.5
QLD,-41.5
QLD,-42.0
QLD,-42.0
QLD,-42.31
QLD,-42.0
QLD,-42.0
QLD,-41.5
QLD,-41.5
QLD,-42.0
QLD,-41.6
QLD,-42.0
QLD,-42.4
QLD,-42.4
QLD,-42.4
QLD,-45.81
QLD,-45.01
QLD,-41.0
QLD,-43.07
QLD,-42.4
QLD,-42.0
QLD,-42.0
QLD,-42.4
QLD,-42.4
QLD,-43.71
QLD,-41.6
QLD,-41.6
QLD,-41.6
QLD,-43.07
QLD,-42.0
QLD,-42.0
QLD,-43.87
QLD,-43.07
QLD,-43.71
QLD,-43.82
QLD,-42.4
QLD,-42.4
QLD,-42.4
QLD,-46.75
QLD,-46.01
QLD,-45.0
QLD,-45.81
QLD,-45.0
QLD,-45.81
QLD,-45.0
QLD,-45.01
QLD,-45.0
QLD,-41.5
QLD,-42.0
QLD,-41.6
QLD,-41.0
QLD,-41.6
QLD,-45.01
QLD,-45.81
QLD,-45.81
QLD,-43.07
QLD,-45.0
QLD,-42.0
QLD,-43.07
QLD,-42.4
QLD,-41.6
QLD,-42.0
QLD,-42.0
QLD,-41.6
QLD,-41.6
QLD,-41.5
QLD,-41.48
QLD,-41.0
QLD,-40.7
QLD,-41.0
QLD,-41.0
QLD,-41.6
QLD,-40.55
QLD,-41.0
QLD,-40.6
QLD,-40.7
QLD,-41.0
QLD,-41.0
QLD,-40.78
QLD,-37.23
QLD,-40.7
QLD,-37.23
QLD,-37.23
QLD,-35.1
QLD,-35.1
QLD,-35.1
QLD,-35.1
QLD,-35.1
QLD,-35.1
QLD,-30.11
QLD,-31.11
QLD,-25.0
QLD,-30.11
QLD,0.0
QLD,0.0
QLD,38.95
QLD,0.0
QLD,34.75
QLD,34.75
QLD,50.39
QLD,51.75
QLD,46.37
QLD,44.75
QLD,63.21
QLD,65.53
QLD,70.7
QLD,73.06
QLD,96.75
QLD,77.75
QLD,86.83
QLD,114.57
QLD,133.82
QLD,228.75
QLD,228.01
QLD,107.73
QLD,129.95
QLD,128.92
QLD,140.71
QLD,139.03
QLD,198.57
QLD,138.28
QLD,155.06
QLD,228.75
QLD,228.75
QLD,218.46
QLD,174.77
QLD,171.38
QLD,155.06
QLD,144.61
QLD,123.01
QLD,138.12
QLD,123.01
QLD,123.01
QLD,129.95
QLD,115.63
QLD,110.83
QLD,112.95
QLD,112.95
QLD,96.95
QLD,96.95
QLD,99.22
QLD,109.06
QLD,103.02
QLD,110.83
QLD,110.27
QLD,99.22
QLD,115.63
QLD,110.83
QLD,108.9
QLD,99.22
QLD,106.68
QLD,107.34
QLD,107.3
QLD,107.02
QLD,105.86
QLD,107.09
QLD,107.63
QLD,110.83
QLD,93.65
QLD,93.83
QLD,77.95
QLD,79.15
QLD,77.95
QLD,73.06
QLD,78.45
QLD,77.75
QLD,65.01
QLD,57.16
QLD,73.06
QLD,137.58
QLD,96.95
QLD,96.75
QLD,93.83
QLD,93.74
QLD,93.83
QLD,96.95
QLD,110.83
QLD,110.83
QLD,96.95
QLD,104.09
QLD,93.6
QLD,93.83
QLD,101.71
QLD,81.9
QLD,77.75
QLD,83.47
QLD,77.75
QLD,78.91
QLD,79.41
QLD,78.92
QLD,74.22
QLD,73.06
QLD,75.51
QLD,78.8
QLD,73.23
QLD,77.2
QLD,72.36
QLD,73.15
QLD,74.77
QLD,75.64
QLD,75.16
QLD,76.13
QLD,63.43
QLD,67.38
QLD,72.94
QLD,75.94
QLD,77.75
QLD,62.91
QLD,57.83
QLD,62.8
QLD,62.54
QLD,66.34
QLD,57.38
QLD,56.95
QLD,55.75
QLD,56.94
QLD,56.54
QLD,57.29
QLD,57.67
QLD,57.57
QLD,56.79
QLD,56.81
QLD,56.83
QLD,55.75
QLD,57.14
QLD,55.75
QLD,56.03
QLD,56.74
QLD,55.75
QLD,61.61
QLD,57.1
QLD,57.48
QLD,55.75
QLD,55.75
QLD,55.75
QLD,55.75
QLD,55.75
QLD,44.95
QLD,55.75
QLD,44.95
QLD,40.03
QLD,44.63
QLD,44.75
QLD,42.88
QLD,42.88
QLD,44.75
QLD,42.88
QLD,44.75
QLD,44.75
QLD,44.75
QLD,37.7
QLD,44.75
QLD,44.75
QLD,44.75
QLD,44.75
QLD,44.75
QLD,44.75
QLD,44.75
QLD,44.75
QLD,44.75
QLD,38.86
QLD,44.95
QLD,42.88
QLD,44.63
QLD,44.95
QLD,44.75
QLD,44.75
QLD,9.66
QLD,0.24
QLD,0.0
QLD,-18.89
QLD,-20.94
QLD,-25.01
QLD,-29.44
QLD,-35.38
QLD,-36.17
QLD,-34.47
QLD,-35.1
QLD,-35.1
QLD,-35.1
QLD,-35.47
QLD,-35.64
QLD,-40.78
QLD,-35.64
QLD,-35.47
QLD,-35.1
QLD,-35.64
QLD,-40.7
QLD,-40.7
QLD,-40.7
QLD,-40.7
QLD,-41.0
QLD,-41.0
QLD,-41.6
QLD,-42.0
QLD,-42.4
QLD,-42.0
QLD,-42.0
QLD,-42.4
QLD,-42.31
QLD,-42.0
QLD,-42.0
QLD,-45.81
QLD,-43.71
QLD,-45.01
QLD,-45.81
QLD,-45.81
QLD,-47.75
QLD,-49.05
QLD,-48.53
QLD,-46.01
QLD,-47.42
QLD,-45.01
QLD,-47.59
QLD,-50.43
QLD,-49.53
QLD,-47.75
QLD,-50.41
QLD,-52.09
QLD,-51.89
QLD,-51.85
QLD,-51.85
QLD,-49.57
QLD,-53.31
QLD,-51.97
QLD,-50.99
QLD,-50.68
QLD,-51.33
QLD,-51.03
QLD,-50.66
QLD,-50.29
QLD,-51.04
QLD,-50.4
QLD,-51.39
QLD,-51.43
QLD,-50.81
QLD,-47.75
QLD,-50.58
QLD,-49.57
QLD,-47.75
QLD,-47.75
QLD,-53.14
QLD,-52.37
QLD,-52.78
QLD,-51.07
QLD,-52.79
QLD,-51.05
QLD,-53.85
QLD,-51.85
QLD,-47.59
QLD,-47.75
QLD,-47.75
QLD,-47.75
QLD,-46.75
QLD,-43.71
QLD,-42.4
QLD,-41.0
QLD,-41.0
QLD,-41.0
QLD,-36.91
QLD,-36.78
QLD,-36.06
QLD,-35.1
QLD,-35.1
QLD,-35.1
QLD,-35.1
QLD,-36.82
QLD,-36.61
QLD,-37.83
QLD,-36.97
QLD,-37.92
QLD,-36.46
QLD,-35.1
QLD,-34.46
QLD,-34.55
QLD,-32.74
QLD,-32.77
QLD,-21.98
QLD,-30.11
QLD,-25.01
QLD,-25.01
QLD,34.75
QLD,80.3
QLD,62.77
QLD,-30.87
QLD,-25.01
QLD,0.0
QLD,6.63
QLD,44.95
QLD,81.0
QLD,34.75
QLD,46.01
QLD,44.75
QLD,73.06
QLD,44.95
QLD,86.83
QLD,99.95
QLD,110.83
QLD,86.83
QLD,99.75
QLD,123.01
QLD,134.17
QLD,99.95
QLD,180.01
QLD,144.61
QLD,180.01
QLD,129.95
QLD,129.95
QLD,144.61
QLD,129.95
QLD,228.75
QLD,228.75
QLD,123.01
QLD,180.01
QLD,181.01
QLD,144.61
QLD,129.95
QLD,103.02
QLD,103.02
QLD,103.02
QLD,99.95
QLD,112.95
QLD,112.95
QLD,112.95
QLD,99.22
QLD,99.75
QLD,99.95
QLD,110.83
QLD,110.83
QLD,105.82
QLD,110.83
QLD,110.83
QLD,110.83
QLD,110.83
QLD,123.01
QLD,110.83
QLD,112.95
QLD,110.83
QLD,110.83
QLD,103.02
QLD,103.02
QLD,103.02
QLD,93.83
QLD,93.83
QLD,99.75
QLD,99.95
QLD,99.95
QLD,99.75
QLD,93.83
QLD,93.46
QLD,99.75
QLD,93.83
QLD,77.95
QLD,93.6
QLD,93.6
QLD,93.83
QLD,93.83
QLD,129.95
QLD,112.95
QLD,103.02
QLD,99.75
QLD,99.75
QLD,99.75
QLD,112.75
QLD,112.95
QLD,99.95
QLD,93.83
QLD,93.83
QLD,99.75
QLD,99.75
QLD,110.83
QLD,99.95
QLD,93.83
QLD,93.83
QLD,93.69
QLD,93.83
QLD,93.83
QLD,77.75
QLD,93.6
QLD,93.72
QLD,93.69
QLD,93.83
QLD,93.46
QLD,93.6
QLD,77.95
QLD,77.75
QLD,77.75
QLD,74.64
QLD,55.75
QLD,57.58
QLD,59.91
QLD,99.75
QLD,99.95
QLD,105.95
QLD,110.83
QLD,123.01
QLD,155.06
QLD,205.06
QLD,110.83
QLD,228.75
QLD,228.75
QLD,228.75
QLD,264.01
QLD,112.95
QLD,112.95
QLD,110.83
QLD,110.83
QLD,110.83
QLD,99.75
QLD,93.83
QLD,93.83
QLD,86.83
QLD,93.83
QLD,87.36
QLD,86.46
QLD,93.83
QLD,93.83
QLD,93.83
QLD,86.83
QLD,86.46
QLD,93.83
QLD,93.83
QLD,86.46
QLD,86.09
QLD,77.95
QLD,86.83
QLD,86.83
QLD,93.83
QLD,86.46
QLD,86.46
QLD,93.83
QLD,86.46
QLD,86.46
QLD,86.46
QLD,86.08
QLD,86.08
QLD,77.95
QLD,77.75
QLD,77.75
QLD,77.95
QLD,55.75
QLD,77.95
QLD,77.75
QLD,71.71
QLD,59.02
QLD,86.08
QLD,77.75
QLD,86.83
QLD,77.95
QLD,55.75
QLD,44.75
QLD,44.75
QLD,34.75
QLD,-4.79
QLD,-2.89
QLD,-25.01
QLD,-26.1
QLD,-35.0
QLD,-38.73
QLD,-37.78
QLD,-40.78
QLD,-41.0
QLD,-39.09
QLD,-41.0
QLD,-40.78
QLD,-38.75
QLD,-37.0
QLD,-41.0
QLD,-44.24
QLD,-43.38
QLD,-43.55
QLD,-43.07
QLD,-44.21
QLD,-44.31
QLD,-45.01
QLD,-45.81
QLD,-45.11
QLD,-44.59
QLD,-44.49
QLD,-44.47
QLD,-44.82
QLD,-45.01
QLD,-47.42
QLD,-43.79
QLD,-47.75
QLD,-47.34
QLD,-49.24
QLD,-48.41
QLD,-47.75
QLD,-47.95
QLD,-49.02
QLD,-47.59
QLD,-48.06
QLD,-48.34
QLD,-49.55
QLD,-47.73
QLD,-49.2
QLD,-49.71
QLD,-51.54
QLD,-49.87
QLD,-50.54
QLD,-51.25
QLD,-51.54
QLD,-49.84
QLD,-58.08
QLD,-50.65
QLD,-61.81
QLD,-50.64
QLD,-57.48
QLD,-62.15
QLD,-53.75
QLD,-56.19
QLD,-58.54
QLD,-54.99
QLD,-53.83
QLD,-49.12
QLD,-58.82
QLD,-61.71
QLD,-61.27
QLD,-62.1
QLD,-61.76
QLD,-62.87
QLD,-62.22
QLD,-63.28
QLD,-47.75
QLD,-62.55
QLD,-47.75
QLD,-62.82
QLD,-51.85
QLD,-62.19
QLD,-53.82
QLD,-61.87
QLD,-61.85
QLD,-63.44
QLD,-47.75
QLD,-47.75
QLD,-47.59
QLD,-47.75
QLD,-47.42
QLD,-46.01
QLD,-45.81
QLD,-46.01
QLD,-47.42
QLD,-45.81
QLD,-45.01
QLD,-45.81
QLD,-45.01
QLD,-43.07
QLD,-45.0
QLD,-45.0
QLD,-43.07
QLD,-42.4
QLD,-41.6
QLD,-41.6
QLD,-40.7
QLD,-40.78
QLD,-35.64
QLD,-40.7
QLD,-30.19
QLD,-25.01
QLD,-30.19
QLD,-25.92
QLD,-25.01
QLD,-25.01
QLD,-25.01
QLD,-15.0
QLD,-30.11
QLD,0.0
QLD,49.21
QLD,0.0
QLD,0.83
QLD,87.62
QLD,0.0
QLD,0.0
QLD,-25.0
QLD,-25.92
QLD,-9.54
QLD,0.0
QLD,44.95
QLD,123.01
QLD,123.01
QLD,123.01
QLD,86.83
QLD,86.83
QLD,86.83
QLD,99.75
QLD,145.62
QLD,228.75
QLD,123.0
QLD,129.95
QLD,177.73
QLD,206.44
QLD,228.75
QLD,228.75
QLD,265.06
QLD,228.75
QLD,228.75
QLD,228.75
QLD,228.75
QLD,206.06
QLD,205.06
QLD,205.06
QLD,205.06
QLD,205.06
QLD,177.73
QLD,144.61
QLD,144.6
QLD,129.95
QLD,135.0
QLD,135.0
QLD,129.95
QLD,129.95
QLD,129.95
QLD,115.63
QLD,115.63
QLD,112.95
QLD,112.95
QLD,112.95
QLD,110.83
QLD,110.83
QLD,110.83
QLD,115.63
QLD,115.63
QLD,144.61
QLD,115.63
QLD,115.63
QLD,228.75
QLD,228.75
QLD,190.74
QLD,229.01
QLD,228.75
QLD,219.0
QLD,147.73
QLD,147.73
QLD,147.73
QLD,147.73
QLD,129.95
QLD,129.95
QLD,147.73
QLD,125.4
QLD,129.95
QLD,123.01
QLD,123.01
QLD,112.95
QLD,147.73
QLD,264.01
QLD,264.01
QLD,228.75
QLD,227.83
QLD,228.75
QLD,155.06
QLD,227.83
QLD,227.83
QLD,155.06
QLD,227.83
QLD,227.83
QLD,227.83
QLD,228.75
QLD,228.75
QLD,228.75
QLD,228.75
QLD,228.75
QLD,228.75
QLD,232.34
QLD,227.83
QLD,227.83
QLD,227.83
QLD,155.06
SA,96.78
SA,95.84
SA,94.88
SA,94.58
SA,95.91
SA,78.82
SA,100.44
SA,100.37
SA,81.96
SA,97.41
SA,84.37
SA,93.99
SA,99.69
SA,97.54
SA,81.43
SA,81.83
SA,81.43
SA,78.23
SA,82.0
SA,84.84
SA,82.37
SA,78.66
SA,71.35
SA,71.3
SA,70.9
SA,85.27
SA,67.03
SA,63.91
SA,49.25
SA,66.96
SA,40.12
SA,42.29
SA,43.65
SA,43.97
SA,46.57
SA,45.83
SA,38.79
SA,70.02
SA,51.05
SA,70.02
SA,52.75
SA,51.58
SA,47.68
SA,52.95
SA,52.94
SA,51.91
SA,51.37
SA,55.44
SA,104.44
SA,36.58
SA,70.02
SA,39.09
SA,39.69
SA,104.44
SA,39.13
SA,74.46
SA,48.49
SA,41.96
SA,43.57
SA,45.36
SA,37.89
SA,38.58
SA,37.9
SA,79.44
SA,64.2
SA,41.18
SA,37.98
SA,42.62
SA,36.66
SA,38.88
SA,38.88
SA,37.55
SA,62.25
SA,66.04
SA,62.46
SA,61.48
SA,63.21
SA,64.28
SA,62.18
SA,54.59
SA,58.1
SA,98.99
SA,104.44
SA,98.99
SA,35.95
SA,0.0
SA,0.0
SA,0.0
SA,0.0
SA,0.19
SA,9.64
SA,10.61
SA,0.22
SA,0.61
SA,0.0
SA,-10.47
SA,-2.05
SA,-2.05
SA,-6.7
SA,-20.39
SA,-20.29
SA,-42.0
SA,-41.0
SA,2.48
SA,0.0
SA,-35.97
SA,-41.0
SA,-45.0
SA,-41.0
SA,-41.0
SA,-41.0
SA,-42.17
SA,-40.47
SA,-42.38
SA,-30.23
SA,-34.56
SA,-40.36
SA,-39.04
SA,-29.31
SA,-36.95
SA,-30.64
SA,-28.31
SA,-23.27
SA,-8.35
SA,-41.0
SA,-36.36
SA,-41.26
SA,-41.66
SA,-45.29
SA,-45.96
SA,-45.0
SA,-39.91
SA,-35.97
SA,-36.06
SA,-39.58
SA,-35.23
SA,-32.93
SA,-38.87
SA,-39.76
SA,-39.75
SA,-42.29
SA,-42.64
SA,-42.93
SA,-41.0
SA,-43.13
SA,-43.5
SA,-42.78
SA,-40.18
SA,-39.99
SA,-39.2
SA,-39.55
SA,-35.55
SA,-37.83
SA,-38.54
SA,-38.31
SA,-38.77
SA,-39.59
SA,-38.44
SA,-38.51
SA,-35.97
SA,-37.06
SA,-41.0
SA,-35.95
SA,-43.99
SA,-35.97
SA,-41.0
SA,-40.6
SA,-34.8
SA,-41.95
SA,-42.67
SA,-40.63
SA,-40.52
SA,-41.0
SA,-41.0
SA,-45.0
SA,-41.0
SA,-41.0
SA,-45.0
SA,-45.0
SA,-25.29
SA,-45.0
SA,-45.0
SA,-35.95
SA,-45.0
SA,-45.0
SA,-34.5
SA,-41.0
SA,-25.71
SA,-9.57
SA,-1.58
SA,-1.57
SA,-1.56
SA,-19.13
SA,-1.64
SA,-0.71
SA,-0.59
SA,6.11
SA,17.11
SA,7.94
SA,7.76
SA,9.1
SA,97.15
SA,53.84
SA,89.7
SA,104.44
SA,110.85
SA,136.97
SA,104.26
SA,148.92
SA,218.35
SA,139.62
SA,211.23
SA,197.34
SA,177.9
SA,239.3
SA,239.65
SA,173.44
SA,198.7
SA,244.25
SA,230.82
SA,245.68
SA,249.64
SA,230.61
SA,248.68
SA,241.44
SA,239.52
SA,230.73
SA,202.96
SA,200.0
SA,200.0
SA,160.61
SA,146.09
SA,156.89
SA,138.0
SA,168.31
SA,132.66
SA,133.19
SA,133.71
SA,120.53
SA,118.63
SA,132.87
SA,132.86
SA,132.5
SA,130.01
SA,130.27
SA,128.93
SA,115.17
SA,122.94
SA,114.6
SA,123.43
SA,109.33
SA,106.16
SA,128.15
SA,125.05
SA,114.28
SA,105.81
SA,104.44
SA,104.44
SA,125.46
SA,115.45
SA,112.63
SA,104.44
SA,104.66
SA,103.73
SA,119.59
SA,130.24
SA,130.13
SA,114.28
SA,129.47
SA,127.26
SA,127.12
SA,129.33
SA,111.96
SA,104.44
SA,97.96
SA,112.97
SA,104.44
SA,113.47
SA,104.44
SA,104.44
SA,102.65
SA,99.74
SA,132.04
SA,132.93
SA,133.35
SA,107.15
SA,133.43
SA,106.2
SA,120.99
SA,120.91
SA,134.72
SA,135.56
SA,134.63
SA,102.7
SA,135.35
SA,108.99
SA,107.29
SA,103.05
SA,89.18
SA,82.62
SA,105.7
SA,82.67
SA,102.76
SA,76.72
SA,79.32
SA,79.52
SA,81.92
SA,81.95
SA,82.04
SA,75.04
SA,75.1
SA,72.47
SA,73.92
SA,82.04
SA,73.19
SA,70.91
SA,72.29
SA,70.99
SA,52.52
SA,75.02
SA,69.06
SA,69.62
SA,70.19
SA,54.62
SA,69.09
SA,66.71
SA,54.41
SA,70.74
SA,51.17
SA,50.03
SA,50.05
SA,54.59
SA,53.59
SA,49.71
SA,70.93
SA,53.58
SA,61.75
SA,53.77
SA,61.32
SA,65.33
SA,61.3
SA,61.45
SA,58.96
SA,61.44
SA,62.17
SA,62.15
SA,63.0
SA,68.14
SA,53.21
SA,61.66
SA,67.96
SA,65.19
SA,68.2
SA,79.58
SA,69.09
SA,80.19
SA,80.66
SA,72.7
SA,73.1
SA,75.09
SA,74.58
SA,82.33
SA,76.21
SA,61.93
SA,76.88
SA,76.98
SA,75.36
SA,56.72
SA,50.82
SA,50.81
SA,36.46
SA,0.0
SA,36.19
SA,8.77
SA,8.78
SA,0.0
SA,0.0
SA,0.0
SA,8.62
SA,-45.0
SA,-40.51
SA,-30.0
SA,-1.63
SA,0.14
SA,8.03
SA,-26.95
SA,-30.0
SA,-30.0
SA,-30.0
SA,-30.0
SA,0.01
SA,0.0
SA,-1.01
SA,-26.0
SA,-30.0
SA,-35.95
SA,-45.0
SA,-45.0
SA,-45.0
SA,-45.0
SA,-45.0
SA,-46.77
SA,-46.77
SA,-45.0
SA,-46.77
SA,-45.0
SA,-46.77
SA,-100.0
SA,-100.0
SA,-60.04
SA,-47.0
SA,-57.0
SA,-57.0
SA,-47.0
SA,-60.04
SA,-45.0
SA,-45.0
SA,-45.0
SA,-45.0
SA,-46.77
SA,-55.39
SA,-59.27
SA,-100.0
SA,-99.0
SA,-87.06
SA,-45.0
SA,-57.0
SA,-47.0
SA,-76.0
SA,-47.0
SA,-76.0
SA,-47.0
SA,-45.0
SA,-45.0
SA,-45.0
SA,-38.26
SA,-41.0
SA,-38.47
SA,-41.0
SA,-38.38
SA,-41.0
SA,-41.0
SA,0.18
SA,-42.88
SA,-43.9
SA,-38.03
SA,-1.49
SA,-40.71
SA,-38.08
SA,-45.0
SA,-42.09
SA,-41.0
SA,-33.03
SA,-45.0
SA,-81.11
SA,-46.77
SA,-45.0
SA,-41.0
SA,-45.0
SA,-47.0
SA,-47.0
SA,-45.0
SA,-45.0
SA,-87.06
SA,-45.0
SA,-45.0
SA,-46.77
SA,-46.77
SA,-47.0
SA,-45.0
SA,-45.0
SA,-45.0
SA,-45.0
SA,-41.0
SA,-41.0
SA,-30.0
SA,-19.08
SA,-41.0
SA,-1.4
SA,-1.57
SA,-1.56
SA,-1.56
SA,0.0
SA,7.83
SA,7.89
SA,44.96
SA,39.47
SA,45.32
SA,57.29
SA,62.38
SA,78.88
SA,91.97
SA,76.61
SA,125.37
SA,127.58
SA,126.42
SA,93.44
SA,127.34
SA,85.69
SA,132.05
SA,138.31
SA,149.41
SA,222.99
SA,241.77
SA,163.69
SA,223.38
SA,170.39
SA,165.97
SA,175.98
SA,176.53
SA,175.52
SA,175.98
SA,174.54
SA,175.98
SA,160.42
SA,160.81
SA,162.09
SA,145.78
SA,141.8
SA,138.0
SA,137.8
SA,137.04
SA,138.17
SA,138.18
SA,138.04
SA,138.17
SA,199.02
SA,162.8
SA,130.3
SA,122.52
SA,101.09
SA,97.3
SA,104.13
SA,126.4
SA,128.51
SA,127.73
SA,127.5
SA,124.5
SA,124.95
SA,123.01
SA,122.74
SA,121.34
SA,86.98
SA,77.54
SA,75.77
SA,85.87
SA,98.9
SA,86.52
SA,77.74
SA,90.09
SA,77.54
SA,80.1
SA,92.91
SA,126.97
SA,127.16
SA,88.75
SA,87.32
SA,75.41
SA,78.31
SA,88.01
SA,79.19
SA,78.51
SA,77.23
SA,77.82
SA,76.96
SA,77.65
SA,77.9
SA,66.37
SA,66.68
SA,67.2
SA,77.93
SA,93.37
SA,76.72
SA,66.42
SA,67.47
SA,66.16
SA,59.73
SA,51.78
SA,47.76
SA,50.41
SA,50.4
SA,49.66
SA,57.27
SA,52.82
SA,56.28
SA,52.43
SA,51.5
SA,51.47
SA,62.2
SA,72.32
SA,62.38
SA,61.63
SA,52.14
SA,56.35
SA,55.29
SA,57.27
SA,57.74
SA,56.47
SA,58.78
SA,53.77
SA,58.71
SA,58.33
SA,59.01
SA,57.32
SA,29.69
SA,29.07
SA,27.72
SA,28.29
SA,28.48
SA,28.28
SA,27.55
SA,26.08
SA,27.67
SA,28.01
SA,22.86
SA,22.9
SA,27.67
SA,23.12
SA,27.51
SA,27.57
SA,27.41
SA,27.47
SA,27.43
SA,27.37
SA,25.6
SA,25.53
SA,19.0
SA,25.23
SA,25.23
SA,25.31
SA,25.25
SA,25.15
SA,25.14
SA,26.94
SA,26.91
SA,26.99
SA,25.03
SA,26.72
SA,25.5
SA,26.83
SA,26.93
SA,27.92
SA,23.89
SA,25.55
SA,27.17
SA,27.09
SA,27.16
SA,26.72
SA,25.38
SA,26.86
SA,28.17
SA,27.27
SA,21.67
SA,21.67
SA,21.78
SA,21.71
SA,16.49
SA,0.31
SA,-3.21
SA,-30.0
SA,-35.99
SA,-45.0
SA,-42.87
SA,-45.0
SA,-45.0
SA,-39.1
SA,-45.0
SA,-45.0
SA,-45.0
SA,-45.0
SA,-45.0
SA,-45.0
SA,-45.0
SA,-45.0
SA,-60.04
SA,-60.04
SA,-46.77
SA,-46.77
SA,-45.0
SA,-45.0
SA,-45.0
SA,-45.93
SA,-46.77
SA,-46.77
SA,-46.77
SA,-46.77
SA,-99.21
SA,-100.0
SA,-100.0
SA,-110.74
SA,-100.0
SA,-100.0
SA,-102.77
SA,-110.74
SA,-110.74
SA,-46.77
SA,-105.07
SA,-100.0
SA,-100.0
SA,-92.97
SA,-99.21
SA,-100.0
SA,-100.0
SA,-99.21
SA,-110.74
SA,-92.97
SA,-92.97
SA,-60.04
SA,-83.68
SA,-56.39
SA,-57.29
SA,-58.61
SA,-56.58
SA,-58.7
SA,-61.29
SA,-56.79
SA,-56.71
SA,-55.45
SA,-99.21
SA,-99.21
SA,-58.02
SA,-55.1
SA,-57.65
SA,-56.91
SA,-55.09
SA,-54.52
SA,-96.05
SA,-99.21
SA,-55.1
SA,-55.38
SA,-55.39
SA,-55.7
SA,-56.19
SA,-54.49
SA,-54.35
SA,-53.81
SA,-53.96
SA,-53.85
SA,-55.73
SA,-54.86
SA,-91.51
SA,-58.7
SA,-59.81
SA,-56.99
SA,-48.29
SA,-45.51
SA,-46.77
SA,-51.26
SA,-62.33
SA,-60.26
SA,-60.91
SA,-63.92
SA,-58.96
SA,-49.69
SA,-62.24
SA,-53.32
SA,-63.08
SA,-60.54
SA,-52.08
SA,-47.11
SA,-47.33
SA,-46.11
SA,-46.77
SA,-51.99
SA,-49.65
SA,-43.77
SA,-42.8
SA,-35.0
SA,-46.77
SA,-45.0
SA,-45.0
SA,-33.04
SA,-30.0
SA,-41.0
SA,-31.0
SA,-1.88
SA,-30.0
SA,-35.99
SA,-35.0
SA,-30.0
SA,-35.0
SA,-32.41
SA,-34.41
SA,-30.0
SA,-3.21
SA,39.34
SA,27.19
SA,0.0
SA,0.0
SA,0.0
SA,45.37
SA,47.37
SA,8.95
SA,9.05
SA,41.42
SA,37.67
SA,51.5
SA,46.67
SA,66.04
SA,52.38
SA,52.3
SA,47.08
SA,47.27
SA,50.27
SA,47.18
SA,54.03
SA,45.22
SA,35.95
SA,40.36
SA,39.26
SA,33.29
SA,32.55
SA,31.72
SA,0.0
SA,0.0
SA,-0.98
SA,-0.36
SA,30.35
SA,45.22
SA,-3.21
SA,-3.21
SA,-3.21
SA,-3.21
SA,-35.1
SA,-35.07
SA,-35.97
SA,-35.99
SA,-34.27
SA,-35.95
SA,-35.95
SA,-35.97
SA,-40.51
SA,-40.51
SA,-35.99
SA,-35.99
SA,-35.99
SA,-36.98
SA,-40.51
SA,-37.4
SA,-40.51
SA,-35.99
SA,-35.99
SA,-40.51
SA,-45.0
SA,-45.68
SA,-46.01
SA,-45.0
SA,-46.01
SA,-45.93
SA,-44.77
SA,-45.0
SA,-44.27
SA,-48.04
SA,-46.77
SA,-46.77
SA,-46.77
SA,-45.0
SA,-40.51
SA,-35.05
SA,-35.15
SA,-36.22
SA,-36.39
SA,-3.21
SA,10.6
SA,18.55
SA,-3.21
SA,-3.21
SA,-3.21
SA,-33.13
SA,-46.77
SA,-40.51
SA,-45.0
SA,-33.52
SA,-40.51
SA,-35.97
SA,-40.51
SA,-36.2
SA,-36.28
SA,-33.11
SA,-35.04
SA,-35.27
SA,-35.99
SA,-35.99
SA,-35.99
SA,-44.61
SA,-40.51
SA,-30.0
SA,-30.0
SA,-30.0
SA,-42.52
SA,-45.0
SA,-46.13
SA,-46.85
SA,-45.57
SA,-43.21
SA,-40.51
SA,-40.51
SA,-33.41
SA,-40.51
SA,-45.0
SA,-45.0
SA,-35.02
SA,-25.33
SA,-12.39
SA,-15.71
SA,-0.01
SA,-2.0
SA,-11.99
SA,0.0
SA,-12.99
SA,-16.87
SA,-15.85
SA,-21.36
SA,-19.66
SA,-19.4
SA,-15.84
SA,-30.0
SA,-30.0
SA,-30.0
SA,-26.38
SA,-16.85
SA,-13.45
SA,0.0
SA,0.0
SA,-1.99
SA,-1.83
SA,-1.97
SA,-4.16
SA,0.0
SA,0.01
SA,-30.0
SA,-30.0
SA,0.0
SA,-30.0
SA,-4.22
SA,-30.0
SA,-0.06
SA,0.57
SA,0.46
SA,-1.86
SA,-30.0
SA,-30.0
SA,-32.08
SA,-35.99
SA,-40.1
SA,-35.99
SA,-42.42
SA,-42.51
SA,-42.23
SA,-45.0
SA,-45.0
SA,-45.0
SA,-45.0
SA,-45.0
SA,-42.86
SA,-32.25
SA,-45.0
SA,-45.0
SA,-46.65
SA,-46.65
SA,-39.99
SA,-40.51
SA,-45.0
SA,-45.0
SA,-43.21
SA,-45.0
SA,-47.35
SA,-46.27
SA,-46.77
SA,-57.7
SA,-45.0
SA,-41.32
SA,-46.77
SA,-59.49
SA,-57.37
SA,-46.77
SA,-61.95
SA,-58.39
SA,-59.44
SA,-59.82
SA,-58.89
SA,-57.2
SA,-58.22
SA,-55.35
SA,-56.35
SA,-45.0
SA,-46.77
SA,-46.77
SA,-56.18
SA,-45.0
SA,-43.65
SA,-58.22
SA,-46.21
SA,-41.62
SA,-56.2
SA,-43.21
SA,-41.0
SA,-45.0
SA,-47.46
SA,-45.0
SA,-55.77
SA,-50.95
SA,-46.77
SA,-53.97
SA,-47.28
SA,-46.77
SA,-54.03
SA,-45.0
SA,-45.0
SA,-45.0
SA,-46.77
SA,-77.43
SA,-55.91
SA,-45.0
SA,-54.06
SA,-53.97
SA,-53.4
SA,-65.76
SA,-48.33
SA,-45.0
SA,-54.88
SA,-46.77
SA,-46.77
SA,-46.77
SA,-45.0
SA,-45.0
SA,-43.21
SA,-42.44
SA,-43.21
SA,-44.15
SA,-46.77
SA,-45.0
SA,-46.77
SA,-46.77
SA,-70.0
SA,-46.77
SA,-46.77
SA,-45.0
SA,-45.0
SA,-45.0
SA,-45.0
SA,-45.0
SA,-46.77
SA,-46.77
SA,-46.77
SA,-46.77
SA,-59.27
SA,-58.91
SA,-56.3
SA,-45.0
SA,-45.0
SA,-45.0
SA,-46.77
SA,-46.77
SA,-45.0
SA,-45.0
SA,-38.82
SA,-40.51
SA,-39.99
SA,-41.04
SA,-45.0
SA,-40.51
SA,-40.51
SA,-35.99
SA,-40.51
SA,-35.99
SA,-40.51
SA,-35.97
SA,-30.0
SA,-35.97
SA,-30.0
SA,49.2
SA,56.55
SA,-3.1
SA,37.19
SA,42.22
SA,42.33
SA,55.4
SA,95.13
SA,65.37
SA,57.93
SA,115.76
SA,74.83
SA,129.99
SA,159.22
SA,131.54
SA,129.99
SA,119.26
SA,107.8
SA,83.84
SA,114.77
SA,100.04
SA,60.71
SA,74.68
SA,94.96
SA,60.15
SA,60.18
SA,90.06
SA,56.01
SA,77.5
SA,77.62
SA,129.99
SA,93.62
SA,129.99
SA,106.34
SA,103.89
SA,139.45
SA,139.45
SA,232.42
SA,232.42
SA,116.5
SA,139.45
SA,230.0
SA,230.0
SA,96.37
SA,139.45
SA,115.71
SA,139.45
SA,86.24
SA,83.6
SA,69.07
SA,69.74
SA,68.14
SA,63.64
SA,70.68
SA,68.11
SA,59.11
SA,53.45
SA,63.08
SA,118.33
SA,70.06
SA,52.51
SA,52.87
SA,52.81
SA,65.25
SA,52.38
SA,52.21
SA,51.78
SA,51.69
SA,51.36
SA,61.07
SA,62.11
SA,77.95
SA,61.94
SA,53.64
SA,51.19
SA,35.95
SA,66.06
SA,62.97
SA,35.9
SA,35.0
SA,35.0
SA,35.78
SA,36.83
SA,34.13
SA,34.38
SA,31.9
SA,31.24
SA,31.23
SA,31.31
SA,31.25
SA,31.33
SA,25.84
SA,27.12
SA,28.2
SA,29.56
SA,32.13
SA,25.92
SA,24.36
SA,25.67
SA,25.73
SA,20.68
SA,21.97
SA,23.86
SA,21.02
SA,22.01
SA,20.96
SA,20.97
SA,21.0
SA,23.71
SA,20.75
SA,21.2
SA,20.7
SA,9.35
SA,9.27
SA,0.26
SA,0.22
SA,0.22
SA,0.22
SA,0.21
SA,0.21
SA,0.21
SA,-0.01
SA,0.21
SA,0.21
SA,0.21
SA,0.22
SA,0.22
SA,8.36
SA,12.21
SA,9.09
SA,7.94
SA,9.22
SA,8.04
SA,9.11
SA,9.17
SA,8.63
SA,8.6
SA,9.19
SA,9.15
SA,9.05
SA,8.64
SA,9.02
SA,8.38
SA,8.88
SA,8.04
SA,7.76
SA,8.91
SA,8.4
SA,9.07
SA,9.16
SA,9.15
SA,9.18
SA,9.19
SA,8.27
SA,20.75
SA,9.18
SA,7.92
SA,0.21
SA,0.0
SA,-18.04
SA,-19.9
SA,-25.87
SA,-31.03
SA,-38.39
SA,-39.41
SA,-39.08
SA,-37.37
SA,-37.0
SA,-38.03
SA,-37.82
SA,-37.6
SA,-36.76
SA,-35.99
SA,-35.59
SA,-30.2
SA,-36.3
SA,-37.11
SA,-42.48
SA,-45.0
SA,-43.87
SA,-45.13
SA,-45.0
SA,-44.55
SA,-46.77
SA,-45.0
SA,-45.0
SA,-45.0
SA,-39.84
SA,-40.09
SA,-45.93
SA,-46.66
SA,-46.77
SA,-49.05
SA,-48.54
SA,-50.47
SA,-52.23
SA,-60.04
SA,-53.88
SA,-50.91
SA,-55.19
SA,-51.4
SA,-49.58
SA,-50.66
SA,-41.08
SA,-43.02
SA,-45.0
SA,-45.0
SA,-45.0
SA,-45.0
SA,-45.0
SA,-46.66
SA,-45.0
SA,-46.77
SA,-46.66
SA,-46.66
SA,-46.77
SA,-60.04
SA,-51.0
SA,-60.04
SA,-96.11
SA,-60.04
SA,-53.18
SA,-46.77
SA,-45.0
SA,-45.0
SA,-43.21
SA,-45.0
SA,-45.0
SA,-45.0
SA,-46.66
SA,-45.0
SA,-45.0
SA,-45.0
SA,-45.0
SA,-46.66
SA,-46.66
SA,-46.66
SA,-46.66
SA,-45.0
SA,-45.0
SA,-45.0
SA,-45.0
SA,-46.77
SA,-96.11
SA,-60.04
SA,-46.77
SA,-46.77
SA,-46.77
SA,-46.66
SA,-96.11
SA,-96.11
SA,-96.11
SA,-99.21
SA,-100.0
SA,-99.21
SA,-96.11
SA,-96.11
SA,-96.11
SA,-96.11
SA,-96.11
SA,-60.04
SA,-60.04
SA,-46.77
SA,-96.11
SA,-96.11
SA,-93.0
SA,-46.77
SA,-96.11
SA,-96.11
SA,-46.77
SA,-51.0
SA,-96.11
SA,-60.04
SA,-66.68
SA,-66.68
SA,-66.67
SA,-66.37
SA,-66.37
SA,-60.04
SA,-66.37
SA,-66.37
SA,-66.37
SA,-66.37
SA,-66.37
SA,-46.77
SA,-46.66
SA,-45.0
SA,-41.0
SA,-35.97
SA,-35.95
SA,-35.99
SA,-35.99
SA,-35.99
SA,-35.95
SA,-3.1
SA,43.04
SA,0.0
SA,38.97
SA,35.98
SA,41.87
SA,40.89
SA,42.85
SA,44.08
SA,45.22
SA,45.22
SA,50.52
SA,46.86
SA,45.22
SA,45.22
SA,44.82
SA,31.61
SA,45.22
SA,45.22
SA,37.7
SA,45.22
SA,27.88
SA,28.2
SA,28.08
SA,28.17
SA,28.33
SA,28.42
SA,26.06
SA,25.91
SA,26.26
SA,26.17
SA,20.95
SA,26.29
SA,29.84
SA,27.97
SA,24.14
SA,22.32
SA,22.32
SA,20.01
SA,25.87
SA,22.64
SA,24.12
SA,24.08
SA,22.71
SA,19.94
SA,19.97
SA,1.32
SA,8.82
SA,0.09
SA,-0.15
SA,-2.31
SA,0.0
SA,0.0
SA,8.69
SA,0.13
SA,0.15
SA,-3.1
SA,0.2
SA,0.2
SA,-19.34
SA,-19.35
SA,-31.41
SA,-35.97
SA,-35.99
SA,-39.92
SA,-39.89
SA,-40.51
SA,-39.83
SA,-39.79
SA,-39.82
SA,-39.99
SA,-40.03
SA,-40.51
SA,-40.1
SA,-40.51
SA,-40.51
SA,-40.51
SA,-35.99
SA,-35.99
SA,-40.51
SA,-43.21
SA,-40.51
SA,-43.29
SA,-43.36
SA,-43.35
SA,-41.84
SA,-41.97
SA,-41.97
SA,-40.51
SA,-35.99
SA,-40.51
SA,-35.99
SA,-35.99
SA,-40.51
SA,-40.51
SA,-40.51
SA,-45.0
SA,-45.0
SA,-45.0
SA,-40.51
SA,-48.87
SA,-45.0
SA,-38.86
SA,-45.0
SA,-45.0
SA,-46.77
SA,-48.82
SA,-48.85
SA,-33.58
SA,-38.82
SA,-45.0
SA,-46.77
SA,-45.0
SA,-39.3
SA,-37.41
SA,-40.57
SA,-44.11
SA,-48.0
SA,-45.0
SA,-40.51
SA,-38.92
SA,-38.82
SA,-39.03
SA,-39.38
SA,-39.72
SA,-35.97
SA,-35.97
SA,-35.97
SA,-35.99
SA,-35.99
SA,-35.95
SA,-29.96
SA,-30.0
SA,-29.67
SA,-29.69
SA,-30.0
SA,-29.92
SA,-30.31
SA,-30.51
SA,-21.25
SA,-21.3
SA,-20.11
SA,0.0
SA,0.0
SA,0.0
SA,-20.25
SA,-3.77
SA,-0.19
SA,-3.77
SA,-19.02
SA,-19.46
SA,-20.56
SA,-31.12
SA,-31.29
SA,-31.45
SA,-35.29
SA,-34.61
SA,-36.91
SA,-39.76
SA,-41.37
SA,-34.87
SA,-36.23
SA,-38.11
SA,-37.85
SA,-34.73
SA,-34.15
SA,-34.76
SA,-34.45
SA,-35.0
SA,-34.56
SA,-38.16
SA,-34.13
SA,-34.14
SA,-33.96
SA,-33.38
SA,-34.39
SA,-34.25
SA,-32.98
SA,-36.08
SA,-32.12
SA,-35.32
SA,-32.82
SA,-32.43
SA,-37.32
SA,-35.97
SA,-38.05
SA,-35.97
SA,-35.97
SA,-35.0
SA,-35.99
SA,-35.95
SA,-35.99
SA,-35.99
SA,-35.0
SA,-35.99
SA,-37.75
SA,-37.52
SA,-42.52
SA,-45.0
SA,-37.99
SA,-42.78
SA,-43.56
SA,-43.97
SA,-40.26
SA,-45.0
SA,-45.0
SA,-45.0
SA,-45.0
SA,-45.0
SA,-42.22
SA,-45.0
SA,-47.49
SA,-51.0
SA,-41.8
SA,-45.0
SA,-45.0
SA,-45.0
SA,-46.04
SA,-45.76
SA,-45.75
SA,-46.18
SA,-45.92
SA,-44.29
SA,-43.8
SA,-45.0
SA,-46.15
SA,-46.66
SA,-46.66
SA,-53.16
SA,-42.36
SA,-42.14
SA,-42.67
SA,-46.66
SA,-46.66
SA,-52.92
SA,-60.04
SA,-45.0
SA,-52.34
SA,-46.77
SA,-46.3
SA,-46.77
SA,-52.73
SA,-56.17
SA,-57.46
SA,-46.77
SA,-45.0
SA,-45.0
SA,-45.0
SA,-47.2
SA,-50.83
SA,-46.77
SA,-51.0
SA,-46.77
SA,-53.83
SA,-53.04
SA,-53.56
SA,-45.0
SA,-47.92
SA,-48.14
SA,-46.77
SA,-45.0
SA,-45.0
SA,-45.0
SA,-54.97
SA,-52.03
SA,-46.77
SA,-56.76
SA,-71.4
SA,-66.68
SA,-66.87
SA,-53.49
SA,-45.0
SA,-41.0
SA,-34.75
SA,-44.41
SA,-41.0
SA,-40.53
SA,-38.05
SA,-36.66
SA,-45.22
SA,-41.09
SA,-30.92
SA,-38.46
SA,-32.38
SA,-0.8
SA,-0.01
SA,8.8
SA,55.81
SA,12.34
SA,31.65
SA,48.08
SA,379.95
SA,139.45
SA,47.6
SA,139.45
SA,129.99
SA,261.7
SA,50.9
SA,129.99
SA,129.99
SA,138.0
SA,138.0
SA,138.0
SA,129.99
SA,129.99
SA,138.0
SA,138.0
SA,138.0
SA,129.99
SA,129.99
SA,129.99
SA,129.99
SA,129.99
SA,39.85
SA,129.99
SA,129.99
SA,230.0
SA,230.0
SA,230.0
SA,230.0
SA,230.0
SA,230.0
SA,230.0
SA,230.0
SA,232.42
SA,232.42
SA,178.02
SA,230.0
SA,139.45
SA,129.99
SA,230.0
SA,299.98
SA,230.0
SA,230.0
SA,137.8
SA,230.0
SA,137.8
SA,230.0
SA,230.0
SA,200.0
SA,47.33
SA,200.0
SA,0.0
SA,200.0
SA,137.8
SA,270.0
SA,299.99
SA,560.98
SA,200.0
SA,137.8
SA,230.0
SA,139.45
SA,0.23
SA,3.25
SA,139.45
SA,139.45
SA,232.42
SA,270.0
SA,299.98
SA,138.0
SA,200.0
SA,138.0
SA,11.87
TAS,0.17
TAS,0.17
TAS,0.17
TAS,0.17
TAS,0.17
TAS,0.17
TAS,1.17
TAS,0.18
TAS,0.18
TAS,0.18
TAS,0.18
TAS,0.18
TAS,1.17
TAS,0.17
TAS,0.17
TAS,0.17
TAS,0.17
TAS,0.17
TAS,0.17
TAS,0.17
TAS,0.17
TAS,0.17
TAS,0.17
TAS,0.17
TAS,0.17
TAS,0.17
TAS,0.17
TAS,0.17
TAS,0.17
TAS,0.17
TAS,0.17
TAS,0.14
TAS,0.14
TAS,0.14
TAS,0.14
TAS,0.14
TAS,0.14
TAS,0.14
TAS,0.14
TAS,0.14
TAS,0.14
TAS,0.14
TAS,0.18
TAS,0.18
TAS,0.18
TAS,0.18
TAS,0.14
TAS,0.14
TAS,0.14
TAS,0.16
TAS,0.22
TAS,0.22
TAS,0.18
TAS,0.17
TAS,0.16
TAS,0.17
TAS,0.16
TAS,0.16
TAS,0.16
TAS,0.16
TAS,0.14
TAS,0.14
TAS,0.14
TAS,0.14
TAS,0.14
TAS,0.14
TAS,0.14
TAS,0.14
TAS,0.14
TAS,0.14
TAS,0.14
TAS,0.14
TAS,0.14
TAS,0.16
TAS,0.22
TAS,0.22
TAS,0.22
TAS,0.22
TAS,0.18
TAS,0.18
TAS,0.16
TAS,0.16
TAS,7.92
TAS,0.18
TAS,0.14
TAS,-0.01
TAS,-0.01
TAS,-0.01
TAS,-0.01
TAS,0.14
TAS,8.06
TAS,8.06
TAS,0.18
TAS,0.53
TAS,-0.01
TAS,-1.88
TAS,-1.9
TAS,-1.88
TAS,-1.9
TAS,-6.15
TAS,-19.87
TAS,-20.24
TAS,-1.9
TAS,-1.9
TAS,-1.9
TAS,-1.97
TAS,-1.97
TAS,-1.97
TAS,-1.98
TAS,-1.98
TAS,-1.98
TAS,-1.98
TAS,-1.98
TAS,-1.98
TAS,1.12
TAS,1.12
TAS,118.43
TAS,0.0
TAS,0.15
TAS,-1.96
TAS,-0.09
TAS,-0.88
TAS,-1.88
TAS,-1.91
TAS,-1.97
TAS,-1.96
TAS,-1.84
TAS,-0.89
TAS,-1.97
TAS,-0.9
TAS,-1.91
TAS,-15.79
TAS,-5.93
TAS,-2.21
TAS,-2.21
TAS,-11.83
TAS,-4.17
TAS,-16.94
TAS,-1.96
TAS,-0.88
TAS,-1.96
TAS,-2.92
TAS,-2.02
TAS,-14.74
TAS,-14.88
TAS,-14.78
TAS,-1.96
TAS,-1.88
TAS,-0.2
TAS,-4.86
TAS,-1.92
TAS,-6.53
TAS,119.9
TAS,-2.12
TAS,-16.15
TAS,-1.1
TAS,-1.9
TAS,-6.4
TAS,-1.9
TAS,-1.9
TAS,-16.18
TAS,-15.27
TAS,-4.4
TAS,-4.4
TAS,-4.4
TAS,-6.4
TAS,-4.4
TAS,-4.4
TAS,-6.22
TAS,-6.22
TAS,-3.3
TAS,-2.36
TAS,-3.35
TAS,-5.99
TAS,-7.21
TAS,-6.63
TAS,-47.53
TAS,-48.97
TAS,-7.44
TAS,-8.75
TAS,-7.6
TAS,-5.38
TAS,-2.55
TAS,-2.41
TAS,-1.94
TAS,-2.0
TAS,-4.57
TAS,-3.79
TAS,-3.24
TAS,-1.92
TAS,-1.9
TAS,-1.9
TAS,-2.92
TAS,-1.96
TAS,-0.85
TAS,-0.72
TAS,-0.25
TAS,0.12
TAS,-1.95
TAS,-0.84
TAS,0.04
TAS,0.04
TAS,52.14
TAS,85.82
TAS,99.71
TAS,105.61
TAS,120.68
TAS,95.86
TAS,125.49
TAS,150.26
TAS,120.23
TAS,120.23
TAS,120.23
TAS,120.23
TAS,120.23
TAS,120.23
TAS,120.23
TAS,120.23
TAS,206.25
TAS,150.26
TAS,121.17
TAS,226.26
TAS,150.26
TAS,150.26
TAS,150.28
TAS,150.28
TAS,150.28
TAS,150.28
TAS,150.45
TAS,150.28
TAS,147.79
TAS,133.26
TAS,141.05
TAS,122.03
TAS,148.53
TAS,116.38
TAS,116.38
TAS,116.67
TAS,105.61
TAS,104.21
TAS,120.23
TAS,121.18
TAS,121.18
TAS,120.55
TAS,120.23
TAS,120.23
TAS,108.35
TAS,116.79
TAS,108.39
TAS,117.66
TAS,104.19
TAS,101.07
TAS,120.24
TAS,118.57
TAS,108.59
TAS,100.47
TAS,99.45
TAS,99.4
TAS,118.2
TAS,109.02
TAS,108.29
TAS,100.04
TAS,100.87
TAS,99.05
TAS,113.05
TAS,120.87
TAS,120.56
TAS,106.79
TAS,120.56
TAS,120.24
TAS,121.49
TAS,123.72
TAS,108.13
TAS,100.3
TAS,93.88
TAS,109.71
TAS,100.76
TAS,110.47
TAS,101.21
TAS,101.31
TAS,98.87
TAS,95.24
TAS,121.18
TAS,120.87
TAS,120.87
TAS,98.28
TAS,120.87
TAS,97.54
TAS,110.98
TAS,110.07
TAS,120.87
TAS,120.87
TAS,120.25
TAS,92.69
TAS,120.87
TAS,98.54
TAS,96.62
TAS,93.52
TAS,80.47
TAS,74.96
TAS,95.39
TAS,75.15
TAS,93.46
TAS,70.1
TAS,72.25
TAS,72.93
TAS,75.15
TAS,75.15
TAS,75.35
TAS,68.82
TAS,68.87
TAS,67.14
TAS,68.49
TAS,75.35
TAS,67.13
TAS,65.18
TAS,66.43
TAS,65.84
TAS,48.49
TAS,68.85
TAS,63.92
TAS,64.38
TAS,64.91
TAS,50.63
TAS,64.25
TAS,62.03
TAS,50.81
TAS,65.01
TAS,47.56
TAS,46.46
TAS,46.58
TAS,50.8
TAS,49.99
TAS,46.51
TAS,66.51
TAS,50.21
TAS,58.45
TAS,50.97
TAS,58.14
TAS,61.5
TAS,58.13
TAS,58.25
TAS,56.03
TAS,58.41
TAS,58.9
TAS,58.89
TAS,59.48
TAS,64.41
TAS,50.13
TAS,58.08
TAS,63.91
TAS,61.73
TAS,64.56
TAS,75.54
TAS,65.41
TAS,75.54
TAS,75.74
TAS,67.97
TAS,68.31
TAS,70.06
TAS,70.43
TAS,76.14
TAS,72.21
TAS,59.1
TAS,71.68
TAS,72.34
TAS,70.87
TAS,53.45
TAS,47.97
TAS,47.98
TAS,34.6
TAS,3.79
TAS,48.31
TAS,150.26
TAS,12.9
TAS,7.82
TAS,21.11
TAS,7.16
TAS,7.16
TAS,7.16
TAS,7.16
TAS,7.16
TAS,-1.88
TAS,0.14
TAS,0.26
TAS,0.24
TAS,0.24
TAS,0.24
TAS,0.24
TAS,0.28
TAS,7.28
TAS,7.28
TAS,7.31
TAS,7.28
TAS,7.28
TAS,7.28
TAS,7.28
TAS,7.28
TAS,7.28
TAS,7.28
TAS,7.26
TAS,7.26
TAS,7.27
TAS,7.27
TAS,7.27
TAS,7.26
TAS,7.26
TAS,7.26
TAS,7.28
TAS,-1.88
TAS,-1.88
TAS,-1.84
TAS,-1.86
TAS,-1.88
TAS,-1.88
TAS,-1.88
TAS,-1.87
TAS,-1.85
TAS,-1.87
TAS,-1.88
TAS,-1.86
TAS,-1.84
TAS,-1.84
TAS,-1.83
TAS,-1.83
TAS,-1.84
TAS,-1.84
TAS,-1.84
TAS,-1.4
TAS,-1.83
TAS,-1.84
TAS,-1.84
TAS,-1.72
TAS,-1.72
TAS,-1.84
TAS,-1.85
TAS,-1.85
TAS,-1.85
TAS,-1.68
TAS,-1.84
TAS,-1.85
TAS,-1.84
TAS,0.22
TAS,-1.86
TAS,-1.87
TAS,-1.86
TAS,-1.85
TAS,-1.83
TAS,-1.85
TAS,-1.85
TAS,-1.87
TAS,-1.88
TAS,-1.88
TAS,-1.88
TAS,-1.87
TAS,-1.87
TAS,-1.88
TAS,-1.88
TAS,-1.86
TAS,-1.88
TAS,-1.88
TAS,-1.86
TAS,-1.88
TAS,-1.88
TAS,-1.88
TAS,-1.88
TAS,-1.88
TAS,-1.86
TAS,-1.88
TAS,-1.88
TAS,-1.86
TAS,-1.85
TAS,-1.85
TAS,-1.84
TAS,-1.9
TAS,-1.9
TAS,-1.92
TAS,-1.86
TAS,-1.84
TAS,-1.84
TAS,-1.86
TAS,-1.84
TAS,-1.8
TAS,0.21
TAS,0.33
TAS,8.49
TAS,0.63
TAS,47.97
TAS,58.84
TAS,63.34
TAS,78.58
TAS,91.78
TAS,75.74
TAS,121.81
TAS,121.26
TAS,120.23
TAS,88.94
TAS,120.57
TAS,78.31
TAS,123.08
TAS,0.05
TAS,136.18
TAS,205.08
TAS,227.86
TAS,152.4
TAS,206.49
TAS,156.11
TAS,150.45
TAS,160.38
TAS,161.58
TAS,159.96
TAS,161.31
TAS,160.81
TAS,164.12
TAS,150.29
TAS,150.28
TAS,150.26
TAS,134.78
TAS,132.08
TAS,127.72
TAS,124.62
TAS,122.24
TAS,125.09
TAS,125.95
TAS,125.7
TAS,126.13
TAS,183.99
TAS,150.26
TAS,117.55
TAS,108.76
TAS,89.62
TAS,87.77
TAS,96.5
TAS,120.23
TAS,121.49
TAS,121.49
TAS,121.18
TAS,120.23
TAS,120.23
TAS,120.23
TAS,120.23
TAS,120.23
TAS,86.2
TAS,76.54
TAS,74.9
TAS,85.33
TAS,96.5
TAS,85.0
TAS,76.34
TAS,88.92
TAS,76.46
TAS,78.58
TAS,90.64
TAS,122.12
TAS,121.81
TAS,86.42
TAS,85.03
TAS,73.47
TAS,75.94
TAS,85.1
TAS,76.5
TAS,75.98
TAS,74.31
TAS,75.29
TAS,74.25
TAS,74.97
TAS,75.36
TAS,64.5
TAS,65.0
TAS,65.28
TAS,75.35
TAS,89.54
TAS,74.2
TAS,63.94
TAS,65.21
TAS,63.94
TAS,58.03
TAS,50.56
TAS,46.73
TAS,49.67
TAS,49.75
TAS,48.95
TAS,56.4
TAS,51.84
TAS,55.39
TAS,51.94
TAS,51.12
TAS,51.25
TAS,61.78
TAS,71.65
TAS,62.03
TAS,61.35
TAS,51.58
TAS,55.78
TAS,55.36
TAS,57.23
TAS,58.21
TAS,56.8
TAS,59.17
TAS,54.34
TAS,59.63
TAS,59.38
TAS,60.08
TAS,58.54
TAS,27.45
TAS,26.76
TAS,25.25
TAS,25.74
TAS,26.05
TAS,25.89
TAS,25.14
TAS,23.91
TAS,25.31
TAS,25.51
TAS,20.04
TAS,20.09
TAS,25.24
TAS,21.32
TAS,25.17
TAS,25.29
TAS,25.09
TAS,24.9
TAS,24.97
TAS,25.14
TAS,23.58
TAS,23.52
TAS,17.72
TAS,23.22
TAS,23.21
TAS,23.28
TAS,23.34
TAS,23.4
TAS,23.4
TAS,24.95
TAS,24.96
TAS,25.06
TAS,23.39
TAS,25.02
TAS,23.97
TAS,25.16
TAS,25.25
TAS,26.03
TAS,21.96
TAS,23.83
TAS,25.16
TAS,25.02
TAS,24.9
TAS,24.55
TAS,23.3
TAS,24.57
TAS,26.0
TAS,25.35
TAS,20.45
TAS,20.45
TAS,20.49
TAS,20.44
TAS,15.26
TAS,0.41
TAS,0.19
TAS,0.12
TAS,0.19
TAS,0.19
TAS,-1.49
TAS,-1.86
TAS,-2.13
TAS,-2.13
TAS,-1.9
TAS,-1.9
TAS,-1.9
TAS,-1.9
TAS,-1.9
TAS,-1.9
TAS,-1.92
TAS,-1.9
TAS,-1.9
TAS,-1.91
TAS,-1.91
TAS,-1.91
TAS,-1.87
TAS,-1.88
TAS,-1.88
TAS,-1.88
TAS,-1.9
TAS,-1.9
TAS,-1.88
TAS,-1.88
TAS,-1.9
TAS,-1.89
TAS,-1.9
TAS,-1.9
TAS,-1.88
TAS,-1.88
TAS,-1.88
TAS,-1.68
TAS,0.04
TAS,-1.88
TAS,-1.88
TAS,-0.77
TAS,-1.88
TAS,-1.9
TAS,-1.9
TAS,-1.88
TAS,-1.61
TAS,-1.12
TAS,-1.9
TAS,-1.62
TAS,-1.9
TAS,-1.9
TAS,-0.93
TAS,-0.99
TAS,-0.93
TAS,0.12
TAS,-0.93
TAS,-1.88
TAS,-1.4
TAS,-0.93
TAS,-0.93
TAS,-4.2
TAS,-1.39
TAS,-1.39
TAS,0.04
TAS,0.04
TAS,0.42
TAS,1.08
TAS,-0.99
TAS,-4.55
TAS,-1.87
TAS,-1.87
TAS,-1.3
TAS,-3.02
TAS,-1.27
TAS,-1.3
TAS,-1.3
TAS,-1.3
TAS,-0.36
TAS,-0.97
TAS,-0.97
TAS,-1.3
TAS,-1.3
TAS,-3.99
TAS,-1.3
TAS,-0.48
TAS,-3.99
TAS,-3.99
TAS,-1.85
TAS,-3.99
TAS,-3.37
TAS,-0.36
TAS,-2.37
TAS,-0.91
TAS,-1.41
TAS,-0.91
TAS,-1.94
TAS,-0.92
TAS,-0.91
TAS,-0.91
TAS,-1.94
TAS,-1.95
TAS,-1.94
TAS,-1.94
TAS,-1.93
TAS,-1.94
TAS,0.06
TAS,0.06
TAS,0.06
TAS,0.06
TAS,0.06
TAS,0.06
TAS,-1.86
TAS,-0.86
TAS,0.1
TAS,0.1
TAS,0.1
TAS,0.1
TAS,-31.4
TAS,-1.95
TAS,0.04
TAS,-1.92
TAS,0.04
TAS,0.14
TAS,15.78
TAS,12.08
TAS,-1.9
TAS,42.43
TAS,-1.9
TAS,35.18
TAS,0.22
TAS,0.22
TAS,0.24
TAS,0.25
TAS,38.75
TAS,40.23
TAS,8.14
TAS,8.15
TAS,35.54
TAS,32.38
TAS,44.51
TAS,40.11
TAS,57.78
TAS,1.89
TAS,3.95
TAS,1.47
TAS,0.43
TAS,0.43
TAS,0.36
TAS,0.23
TAS,0.23
TAS,0.23
TAS,0.23
TAS,0.22
TAS,0.22
TAS,0.22
TAS,0.22
TAS,0.22
TAS,0.22
TAS,0.22
TAS,0.23
TAS,0.22
TAS,0.22
TAS,0.23
TAS,0.19
TAS,-0.96
TAS,0.22
TAS,0.22
TAS,0.22
TAS,0.22
TAS,0.22
TAS,7.82
TAS,3.75
TAS,0.22
TAS,10.75
TAS,0.22
TAS,0.22
TAS,6.17
TAS,20.06
TAS,23.04
TAS,20.11
TAS,9.41
TAS,0.22
TAS,0.22
TAS,0.22
TAS,-0.96
TAS,0.62
TAS,0.76
TAS,0.11
TAS,20.1
TAS,20.11
TAS,20.71
TAS,20.5
TAS,9.0
TAS,-1.78
TAS,4.36
TAS,8.77
TAS,8.78
TAS,9.16
TAS,16.49
TAS,10.76
TAS,14.02
TAS,14.85
TAS,18.02
TAS,15.58
TAS,15.06
TAS,21.31
TAS,20.22
TAS,20.06
TAS,20.06
TAS,9.12
TAS,20.08
TAS,19.76
TAS,-1.86
TAS,20.11
TAS,20.11
TAS,20.08
TAS,16.77
TAS,-13.63
TAS,10.15
TAS,9.93
TAS,9.47
TAS,2.08
TAS,20.08
TAS,20.08
TAS,20.08
TAS,7.08
TAS,7.08
TAS,0.21
TAS,7.04
TAS,-28.71
TAS,0.18
TAS,7.08
TAS,7.04
TAS,7.08
TAS,7.14
TAS,7.14
TAS,7.14
TAS,23.11
TAS,0.22
TAS,-39.73
TAS,-31.15
TAS,-20.66
TAS,25.91
TAS,0.22
TAS,0.08
TAS,0.22
TAS,0.08
TAS,0.22
TAS,0.08
TAS,-1.94
TAS,0.08
TAS,0.08
TAS,0.08
TAS,0.08
TAS,0.08
TAS,-20.5
TAS,-18.81
TAS,-18.83
TAS,0.04
TAS,0.04
TAS,-20.82
TAS,0.04
TAS,0.22
TAS,0.22
TAS,0.18
TAS,0.0
TAS,0.04
TAS,-1.92
TAS,-1.92
TAS,-1.92
TAS,-1.82
TAS,0.0
TAS,-1.92
TAS,-2.96
TAS,-1.92
TAS,-0.19
TAS,0.04
TAS,-1.92
TAS,0.04
TAS,-1.61
TAS,0.09
TAS,0.11
TAS,1.33
TAS,1.69
TAS,0.7
TAS,2.75
TAS,-0.14
TAS,-1.89
TAS,-1.96
TAS,0.0
TAS,0.0
TAS,0.0
TAS,8.36
TAS,8.63
TAS,0.06
TAS,0.08
TAS,8.78
TAS,9.0
TAS,1.06
TAS,9.02
TAS,-2.88
TAS,-8.69
TAS,-12.39
TAS,-1.96
TAS,-2.96
TAS,-20.82
TAS,-1.96
TAS,-46.73
TAS,-36.14
TAS,-1.96
TAS,-1.92
TAS,-0.88
TAS,0.05
TAS,-0.94
TAS,-1.88
TAS,1.12
TAS,1.12
TAS,0.08
TAS,0.05
TAS,-1.88
TAS,-1.88
TAS,0.09
TAS,-1.82
TAS,-1.82
TAS,-1.82
TAS,-1.65
TAS,-1.88
TAS,-1.82
TAS,-1.82
TAS,-1.82
TAS,-1.82
TAS,-1.82
TAS,-1.82
TAS,-1.43
TAS,-0.88
TAS,-0.97
TAS,-0.9
TAS,-0.97
TAS,-0.9
TAS,-0.88
TAS,-0.84
TAS,-0.88
TAS,0.18
TAS,2.04
TAS,2.08
TAS,2.08
TAS,2.08
TAS,3.12
TAS,2.12
TAS,3.12
TAS,2.12
TAS,3.12
TAS,120.22
TAS,0.06
TAS,0.16
TAS,0.06
TAS,0.06
TAS,0.16
TAS,1.06
TAS,1.06
TAS,0.84
TAS,0.12
TAS,0.11
TAS,2.06
TAS,2.06
TAS,2.12
TAS,3.12
TAS,3.12
TAS,3.12
TAS,9.36
TAS,9.13
TAS,8.06
TAS,0.06
TAS,0.06
TAS,0.06
TAS,0.06
TAS,0.06
TAS,13.97
TAS,0.12
TAS,9.08
TAS,7.07
TAS,7.08
TAS,12.43
TAS,0.22
TAS,0.06
TAS,1.12
TAS,2.12
TAS,2.12
TAS,2.12
TAS,0.12
TAS,2.12
TAS,2.12
TAS,7.16
TAS,0.06
TAS,-1.93
TAS,0.11
TAS,27.85
TAS,68.59
TAS,70.06
TAS,0.1
TAS,0.15
TAS,0.25
TAS,47.69
TAS,46.44
TAS,20.15
TAS,0.33
TAS,26.38
TAS,21.9
TAS,42.54
TAS,23.37
TAS,80.46
TAS,59.09
TAS,24.77
TAS,65.81
TAS,62.55
TAS,66.78
TAS,66.04
TAS,60.14
TAS,53.09
TAS,45.28
TAS,57.61
TAS,97.91
TAS,67.17
TAS,57.51
TAS,111.83
TAS,71.54
TAS,123.76
TAS,150.26
TAS,123.08
TAS,121.15
TAS,111.72
TAS,99.83
TAS,76.96
TAS,102.03
TAS,89.24
TAS,54.27
TAS,65.25
TAS,82.61
TAS,52.67
TAS,53.03
TAS,78.29
TAS,48.81
TAS,66.28
TAS,65.11
TAS,74.33
TAS,72.3
TAS,78.08
TAS,78.08
TAS,73.49
TAS,88.31
TAS,85.3
TAS,85.33
TAS,78.31
TAS,86.2
TAS,84.49
TAS,83.97
TAS,85.03
TAS,82.38
TAS,84.7
TAS,88.67
TAS,91.59
TAS,73.5
TAS,72.17
TAS,59.95
TAS,60.65
TAS,58.52
TAS,1.06
TAS,0.19
TAS,0.19
TAS,0.22
TAS,1.06
TAS,53.98
TAS,101.96
TAS,61.37
TAS,46.02
TAS,45.9
TAS,1.19
TAS,1.19
TAS,1.06
TAS,1.19
TAS,45.79
TAS,45.79
TAS,1.19
TAS,54.65
TAS,55.77
TAS,70.44
TAS,1.19
TAS,48.4
TAS,45.9
TAS,30.96
TAS,1.19
TAS,0.22
TAS,0.22
TAS,0.19
TAS,0.22
TAS,0.22
TAS,0.19
TAS,0.19
TAS,0.19
TAS,0.19
TAS,0.19
TAS,0.19
TAS,0.19
TAS,0.22
TAS,0.22
TAS,0.22
TAS,1.19
TAS,1.19
TAS,1.19
TAS,1.19
TAS,21.21
TAS,20.11
TAS,1.19
TAS,1.19
TAS,1.19
TAS,1.19
TAS,1.19
TAS,1.19
TAS,1.19
TAS,1.19
TAS,17.64
TAS,1.19
TAS,1.19
TAS,1.06
TAS,17.94
TAS,17.77
TAS,8.21
TAS,8.19
TAS,0.22
TAS,0.19
TAS,0.19
TAS,0.19
TAS,0.19
TAS,0.18
TAS,0.18
TAS,0.1
TAS,0.18
TAS,0.18
TAS,0.18
TAS,0.18
TAS,0.18
TAS,0.19
TAS,0.19
TAS,7.19
TAS,7.16
TAS,7.16
TAS,7.16
TAS,7.19
TAS,7.19
TAS,7.19
TAS,7.19
TAS,7.19
TAS,7.19
TAS,7.2
TAS,7.2
TAS,7.2
TAS,7.25
TAS,7.2
TAS,7.2
TAS,7.19
TAS,8.12
TAS,7.63
TAS,8.15
TAS,8.15
TAS,8.12
TAS,8.12
TAS,8.1
TAS,7.32
TAS,17.86
TAS,8.08
TAS,7.19
TAS,7.13
TAS,7.13
TAS,5.83
TAS,-1.31
TAS,-26.01
TAS,-31.06
TAS,-38.62
TAS,-39.99
TAS,-41.12
TAS,-39.72
TAS,-39.11
TAS,-39.88
TAS,-39.45
TAS,0.04
TAS,0.05
TAS,0.08
TAS,0.09
TAS,0.14
TAS,1.06
TAS,0.1
TAS,7.04
TAS,9.08
TAS,2.06
TAS,1.06
TAS,1.06
TAS,0.14
TAS,0.87
TAS,1.05
TAS,0.09
TAS,0.09
TAS,1.06
TAS,2.06
TAS,0.08
TAS,0.09
TAS,2.06
TAS,2.06
TAS,10.08
TAS,2.06
TAS,2.26
TAS,6.58
TAS,10.06
TAS,2.06
TAS,10.08
TAS,2.06
TAS,10.08
TAS,118.78
TAS,110.66
TAS,118.77
TAS,10.08
TAS,10.08
TAS,7.04
TAS,2.06
TAS,0.08
TAS,0.1
TAS,2.06
TAS,10.08
TAS,2.02
TAS,2.06
TAS,1.58
TAS,1.67
TAS,0.58
TAS,0.94
TAS,2.06
TAS,0.1
TAS,0.1
TAS,0.1
TAS,0.1
TAS,0.08
TAS,0.1
TAS,0.08
TAS,0.1
TAS,0.08
TAS,0.08
TAS,0.08
TAS,0.1
TAS,0.1
TAS,0.08
TAS,0.08
TAS,0.1
TAS,0.1
TAS,0.08
TAS,6.57
TAS,6.57
TAS,7.05
TAS,6.84
TAS,8.05
TAS,0.04
TAS,1.06
TAS,2.06
TAS,0.06
TAS,1.06
TAS,1.06
TAS,0.05
TAS,0.06
TAS,0.05
TAS,3.06
TAS,1.07
TAS,1.07
TAS,0.07
TAS,0.07
TAS,0.07
TAS,2.06
TAS,2.06
TAS,0.08
TAS,0.09
TAS,2.06
TAS,0.08
TAS,-0.02
TAS,0.07
TAS,0.07
TAS,-0.12
TAS,0.13
TAS,0.08
TAS,0.07
TAS,0.04
TAS,0.07
TAS,0.07
TAS,0.08
TAS,0.01
TAS,0.01
TAS,3.65
TAS,9.05
TAS,7.04
TAS,7.13
TAS,7.13
TAS,7.13
TAS,7.13
TAS,13.47
TAS,6.99
TAS,7.03
TAS,7.08
TAS,7.14
TAS,60.05
TAS,22.79
TAS,7.06
TAS,7.13
TAS,7.2
TAS,33.21
TAS,45.45
TAS,42.71
TAS,45.79
TAS,45.41
TAS,45.56
TAS,45.67
TAS,45.67
TAS,46.02
TAS,52.51
TAS,57.39
TAS,58.38
TAS,53.01
TAS,46.78
TAS,47.44
TAS,46.37
TAS,29.9
TAS,46.61
TAS,45.26
TAS,37.46
TAS,44.81
TAS,25.62
TAS,25.45
TAS,25.33
TAS,25.47
TAS,25.65
TAS,25.75
TAS,23.5
TAS,22.95
TAS,23.51
TAS,23.34
TAS,17.91
TAS,23.44
TAS,27.69
TAS,25.66
TAS,22.25
TAS,20.49
TAS,20.09
TAS,17.78
TAS,23.15
TAS,20.11
TAS,21.29
TAS,21.28
TAS,20.16
TAS,17.44
TAS,17.77
TAS,1.22
TAS,8.23
TAS,0.19
TAS,0.12
TAS,0.12
TAS,-0.01
TAS,0.0
TAS,0.12
TAS,0.12
TAS,0.14
TAS,0.15
TAS,0.19
TAS,0.32
TAS,4.91
TAS,4.34
TAS,0.12
TAS,0.06
TAS,0.06
TAS,6.24
TAS,7.13
TAS,0.06
TAS,0.06
TAS,0.06
TAS,0.06
TAS,0.12
TAS,0.12
TAS,2.06
TAS,0.2
TAS,7.08
TAS,0.21
TAS,0.21
TAS,0.06
TAS,0.12
TAS,0.12
TAS,-1.84
TAS,-1.92
TAS,-1.92
TAS,-1.92
TAS,-1.92
TAS,-1.93
TAS,-1.96
TAS,-1.92
TAS,-1.92
TAS,-1.92
TAS,-1.92
TAS,-1.92
TAS,-1.96
TAS,-2.9
TAS,-41.61
TAS,-42.07
TAS,-1.96
TAS,-2.9
TAS,-2.9
TAS,-1.84
TAS,-1.84
TAS,-1.84
TAS,-1.84
TAS,-1.84
TAS,-1.96
TAS,-1.84
TAS,-1.84
TAS,-1.84
TAS,-1.84
TAS,0.06
TAS,0.12
TAS,1.06
TAS,1.06
TAS,1.06
TAS,0.12
TAS,0.12
TAS,1.06
TAS,1.06
TAS,1.06
TAS,1.06
TAS,0.12
TAS,0.12
TAS,0.12
TAS,0.08
TAS,0.09
TAS,2.1
TAS,1.1
TAS,2.1
TAS,2.1
TAS,0.1
TAS,0.1
TAS,0.07
TAS,0.07
TAS,0.07
TAS,0.07
TAS,0.06
TAS,0.07
TAS,0.11
TAS,0.11
TAS,2.08
TAS,2.08
TAS,0.11
TAS,0.07
TAS,0.0
TAS,0.0
TAS,-20.93
TAS,-3.86
TAS,-0.2
TAS,-3.85
TAS,-19.48
TAS,0.06
TAS,0.11
TAS,0.1
TAS,0.06
TAS,0.06
TAS,-35.16
TAS,-34.38
TAS,-35.85
TAS,0.06
TAS,1.07
TAS,0.07
TAS,2.06
TAS,0.06
TAS,0.07
TAS,0.08
TAS,0.09
TAS,0.06
TAS,0.07
TAS,0.06
TAS,-0.92
TAS,-40.92
TAS,0.06
TAS,0.06
TAS,0.07
TAS,0.06
TAS,0.06
TAS,0.06
TAS,0.06
TAS,2.07
TAS,2.07
TAS,3.07
TAS,3.07
TAS,2.06
TAS,2.07
TAS,2.07
TAS,0.1
TAS,3.07
TAS,0.1
TAS,2.07
TAS,2.01
TAS,0.1
TAS,2.07
TAS,-1.24
TAS,-1.24
TAS,-0.91
TAS,-2.17
TAS,-0.96
TAS,-47.56
TAS,-0.95
TAS,-0.9
TAS,-47.77
TAS,-0.96
TAS,0.1
TAS,2.1
TAS,0.05
TAS,-0.95
TAS,-1.37
TAS,1.05
TAS,-41.85
TAS,-41.96
TAS,-50.0
TAS,-47.32
TAS,-49.07
TAS,-46.22
TAS,-49.18
TAS,-48.54
TAS,-50.0
TAS,-49.46
TAS,-49.84
TAS,-50.0
TAS,-3.14
TAS,-0.96
TAS,-50.0
TAS,-50.0
TAS,-50.0
TAS,-50.0
TAS,-8.87
TAS,-4.41
TAS,-50.0
TAS,-50.0
TAS,-50.0
TAS,-18.43
TAS,-4.41
TAS,-13.78
TAS,-12.48
TAS,-0.9
TAS,1.1
TAS,3.07
TAS,-4.26
TAS,-11.03
TAS,-6.97
TAS,3.07
TAS,113.95
TAS,-2.04
TAS,-1.92
TAS,-1.83
TAS,-1.92
TAS,-50.0
TAS,-50.0
TAS,-19.48
TAS,-3.03
TAS,-3.43
TAS,-50.0
TAS,-5.36
TAS,-1.98
TAS,-0.52
TAS,0.01
TAS,0.01
TAS,-0.95
TAS,0.04
TAS,-1.36
TAS,-4.42
TAS,-10.51
TAS,-0.38
TAS,-0.38
TAS,0.04
TAS,0.01
TAS,-0.38
TAS,0.04
TAS,0.03
TAS,0.09
TAS,0.09
TAS,0.09
TAS,2.1
TAS,2.1
TAS,3.07
TAS,3.07
TAS,0.04
TAS,0.03
TAS,0.04
TAS,0.16
TAS,1.1
TAS,0.04
TAS,14.39
TAS,19.81
TAS,0.1
TAS,0.06
TAS,53.92
TAS,0.19
TAS,27.2
TAS,37.49
TAS,34.6
TAS,39.73
TAS,28.36
TAS,66.39
TAS,43.23
TAS,42.97
TAS,34.24
TAS,34.35
TAS,66.39
TAS,30.86
TAS,28.77
TAS,27.49
TAS,29.47
TAS,29.08
TAS,29.34
TAS,27.38
TAS,24.18
TAS,29.12
TAS,22.86
TAS,29.05
TAS,28.95
TAS,29.19
TAS,28.88
TAS,29.04
TAS,26.56
TAS,26.62
TAS,22.9
TAS,17.82
TAS,22.66
TAS,15.29
TAS,17.54
TAS,14.64
TAS,14.89
TAS,15.14
TAS,14.87
TAS,0.19
TAS,7.34
TAS,8.0
TAS,8.0
TAS,7.73
TAS,7.73
TAS,8.02
TAS,14.67
TAS,0.19
TAS,0.19
TAS,0.14
TAS,0.14
TAS,0.12
TAS,0.14
TAS,0.16
TAS,0.05
TAS,0.12
TAS,-1.89
TAS,0.16
TAS,0.32
TAS,3.07
TAS,8.67
TAS,0.19
TAS,0.19
TAS,0.16
TAS,5.22
TAS,0.19
TAS,0.19
TAS,8.63
TAS,8.6
TAS,7.79
TAS,0.31
TAS,0.19
TAS,0.31
TAS,8.6
TAS,0.32
TAS,0.31
VIC,85.87
VIC,84.59
VIC,84.06
VIC,83.15
VIC,84.41
VIC,69.0
VIC,88.0
VIC,88.2
VIC,71.43
VIC,84.92
VIC,72.74
VIC,82.59
VIC,87.37
VIC,85.38
VIC,71.57
VIC,71.91
VIC,71.81
VIC,69.0
VIC,72.36
VIC,74.55
VIC,72.34
VIC,69.0
VIC,62.11
VIC,62.07
VIC,62.01
VIC,74.39
VIC,58.62
VIC,56.0
VIC,26.33
VIC,58.84
VIC,8.97
VIC,8.97
VIC,9.71
VIC,9.71
VIC,9.71
VIC,8.97
VIC,8.97
VIC,27.17
VIC,8.95
VIC,8.97
VIC,7.95
VIC,8.95
VIC,8.95
VIC,8.95
VIC,8.23
VIC,8.95
VIC,8.95
VIC,8.95
VIC,8.97
VIC,8.95
VIC,19.99
VIC,8.97
VIC,8.95
VIC,12.0
VIC,12.0
VIC,59.1
VIC,19.92
VIC,12.0
VIC,12.74
VIC,19.18
VIC,12.0
VIC,12.0
VIC,12.0
VIC,72.04
VIC,58.47
VIC,11.6
VIC,8.97
VIC,12.39
VIC,8.95
VIC,12.0
VIC,12.0
VIC,12.0
VIC,58.13
VIC,61.79
VIC,58.51
VIC,57.99
VIC,59.2
VIC,60.5
VIC,58.25
VIC,50.01
VIC,50.01
VIC,50.01
VIC,8.95
VIC,12.0
VIC,0.16
VIC,0.0
VIC,0.0
VIC,0.0
VIC,0.0
VIC,0.17
VIC,8.95
VIC,8.95
VIC,0.21
VIC,0.59
VIC,0.0
VIC,-10.2
VIC,-1.99
VIC,-1.99
VIC,-6.48
VIC,-19.9
VIC,-19.9
VIC,-19.9
VIC,0.0
VIC,2.37
VIC,0.0
VIC,-1.89
VIC,-1.91
VIC,-1.91
VIC,-19.9
VIC,-30.01
VIC,-39.86
VIC,-41.15
VIC,-39.66
VIC,-41.59
VIC,-30.01
VIC,-34.29
VIC,-40.39
VIC,-39.19
VIC,-30.01
VIC,-38.4
VIC,-32.17
VIC,-30.01
VIC,-24.72
VIC,-9.06
VIC,-44.39
VIC,-39.19
VIC,-45.0
VIC,-45.2
VIC,-48.0
VIC,-48.0
VIC,-45.2
VIC,-41.94
VIC,-38.29
VIC,-39.78
VIC,-44.0
VIC,-39.19
VIC,-36.02
VIC,-43.89
VIC,-45.0
VIC,-45.33
VIC,-48.03
VIC,-48.0
VIC,-48.0
VIC,-46.0
VIC,-48.0
VIC,-48.0
VIC,-48.0
VIC,-45.0
VIC,-45.2
VIC,-45.2
VIC,-45.0
VIC,-40.34
VIC,-43.89
VIC,-45.2
VIC,-45.2
VIC,-45.2
VIC,-46.68
VIC,-45.2
VIC,-45.2
VIC,-33.48
VIC,-43.89
VIC,-43.79
VIC,-36.04
VIC,-34.23
VIC,-33.79
VIC,-33.56
VIC,-48.0
VIC,-41.04
VIC,-50.01
VIC,-50.01
VIC,-48.0
VIC,-48.0
VIC,-48.0
VIC,-48.0
VIC,-46.68
VIC,-48.0
VIC,-45.2
VIC,-46.68
VIC,-35.89
VIC,-30.07
VIC,-49.21
VIC,-48.0
VIC,-30.07
VIC,-32.17
VIC,-45.0
VIC,-40.78
VIC,-48.0
VIC,-30.01
VIC,-11.23
VIC,-1.86
VIC,-1.83
VIC,-1.83
VIC,-22.22
VIC,-1.91
VIC,-0.83
VIC,-0.7
VIC,8.25
VIC,20.02
VIC,9.17
VIC,8.95
VIC,10.47
VIC,108.13
VIC,58.53
VIC,96.34
VIC,112.2
VIC,118.55
VIC,145.0
VIC,107.92
VIC,152.81
VIC,223.37
VIC,148.12
VIC,226.35
VIC,210.21
VIC,189.89
VIC,247.49
VIC,249.76
VIC,183.67
VIC,207.33
VIC,251.98
VIC,239.9
VIC,254.45
VIC,257.11
VIC,240.36
VIC,257.64
VIC,251.65
VIC,252.0
VIC,239.95
VIC,212.25
VIC,206.91
VIC,203.99
VIC,165.5
VIC,149.21
VIC,157.95
VIC,135.97
VIC,165.5
VIC,130.0
VIC,130.0
VIC,130.0
VIC,117.67
VIC,115.83
VIC,130.0
VIC,130.0
VIC,130.0
VIC,129.33
VIC,128.67
VIC,127.86
VIC,113.84
VIC,122.39
VIC,113.88
VIC,123.29
VIC,109.18
VIC,105.91
VIC,126.21
VIC,124.25
VIC,113.79
VIC,105.56
VIC,104.76
VIC,105.26
VIC,125.17
VIC,115.45
VIC,114.38
VIC,105.67
VIC,106.54
VIC,104.9
VIC,120.03
VIC,130.0
VIC,130.0
VIC,114.27
VIC,130.0
VIC,129.32
VIC,130.0
VIC,132.72
VIC,114.81
VIC,106.49
VIC,99.68
VIC,116.48
VIC,106.98
VIC,117.29
VIC,107.74
VIC,107.56
VIC,104.7
VIC,100.86
VIC,130.0
VIC,130.0
VIC,130.0
VIC,104.62
VIC,130.0
VIC,103.83
VIC,118.13
VIC,117.17
VIC,130.0
VIC,130.0
VIC,128.67
VIC,98.67
VIC,130.0
VIC,104.62
VIC,102.85
VIC,99.55
VIC,85.66
VIC,80.0
VIC,101.54
VIC,80.0
VIC,99.49
VIC,74.63
VIC,76.71
VIC,77.64
VIC,80.0
VIC,80.0
VIC,80.0
VIC,73.27
VIC,73.32
VIC,71.47
VIC,72.73
VIC,80.0
VIC,71.46
VIC,69.39
VIC,70.72
VIC,70.27
VIC,51.89
VIC,73.67
VIC,68.57
VIC,69.25
VIC,69.82
VIC,54.32
VIC,68.93
VIC,66.73
VIC,54.65
VIC,70.11
VIC,51.29
VIC,50.11
VIC,50.11
VIC,54.51
VIC,53.63
VIC,50.03
VIC,71.36
VIC,54.01
VIC,62.87
VIC,54.83
VIC,62.38
VIC,65.98
VIC,62.36
VIC,62.33
VIC,59.8
VIC,62.34
VIC,62.86
VIC,62.85
VIC,63.33
VIC,68.75
VIC,53.51
VIC,61.84
VIC,68.21
VIC,65.72
VIC,68.55
VIC,80.0
VIC,69.27
VIC,80.0
VIC,80.0
VIC,71.8
VIC,71.96
VIC,73.61
VIC,72.92
VIC,80.0
VIC,74.65
VIC,60.91
VIC,75.31
VIC,75.81
VIC,74.46
VIC,56.02
VIC,50.01
VIC,50.01
VIC,36.0
VIC,0.0
VIC,36.0
VIC,8.78
VIC,8.95
VIC,0.0
VIC,0.0
VIC,0.0
VIC,8.95
VIC,9.17
VIC,8.63
VIC,8.95
VIC,-1.79
VIC,0.16
VIC,8.97
VIC,-30.01
VIC,0.08
VIC,0.09
VIC,0.12
VIC,0.17
VIC,0.02
VIC,0.0
VIC,-1.16
VIC,-30.01
VIC,-30.0
VIC,-30.01
VIC,-30.0
VIC,-39.0
VIC,-19.32
VIC,-40.0
VIC,-40.0
VIC,-42.61
VIC,-45.0
VIC,-43.89
VIC,-45.0
VIC,-48.0
VIC,-50.01
VIC,-44.96
VIC,-44.96
VIC,-43.51
VIC,-1.8
VIC,-1.79
VIC,-1.78
VIC,-1.79
VIC,-45.42
VIC,-1.79
VIC,-46.55
VIC,-46.61
VIC,-46.71
VIC,-49.36
VIC,-61.38
VIC,-64.55
VIC,-64.51
VIC,-62.71
VIC,-57.59
VIC,-46.13
VIC,-43.89
VIC,-38.35
VIC,-18.15
VIC,-4.73
VIC,-13.03
VIC,-1.75
VIC,-8.25
VIC,-8.27
VIC,-43.89
VIC,-45.0
VIC,-48.0
VIC,-45.0
VIC,-44.29
VIC,-45.0
VIC,-48.54
VIC,-47.91
VIC,0.21
VIC,-50.0
VIC,-50.0
VIC,-43.89
VIC,-1.76
VIC,-48.0
VIC,-45.0
VIC,-48.0
VIC,-50.0
VIC,-45.0
VIC,-39.19
VIC,-50.0
VIC,-92.27
VIC,-50.76
VIC,-46.79
VIC,-7.25
VIC,-48.0
VIC,-51.09
VIC,-51.06
VIC,-49.19
VIC,-48.0
VIC,-62.5
VIC,-45.0
VIC,-39.0
VIC,-43.89
VIC,-39.39
VIC,-51.03
VIC,-39.0
VIC,-36.56
VIC,-1.76
VIC,-30.0
VIC,-1.77
VIC,-16.65
VIC,-30.0
VIC,-22.41
VIC,-1.8
VIC,-1.61
VIC,-1.8
VIC,-1.79
VIC,-1.8
VIC,0.0
VIC,8.95
VIC,8.97
VIC,50.01
VIC,50.01
VIC,50.01
VIC,61.89
VIC,66.72
VIC,82.77
VIC,96.41
VIC,80.0
VIC,130.0
VIC,130.09
VIC,127.32
VIC,93.43
VIC,127.0
VIC,84.01
VIC,132.72
VIC,141.35
VIC,150.99
VIC,227.37
VIC,252.62
VIC,170.23
VIC,230.65
VIC,178.06
VIC,171.64
VIC,182.79
VIC,183.82
VIC,181.54
VIC,183.05
VIC,181.92
VIC,184.97
VIC,167.87
VIC,167.44
VIC,167.01
VIC,149.06
VIC,146.08
VIC,141.25
VIC,138.17
VIC,135.52
VIC,139.03
VIC,139.65
VIC,139.37
VIC,139.84
VIC,206.02
VIC,168.25
VIC,130.0
VIC,120.89
VIC,99.87
VIC,97.07
VIC,104.33
VIC,127.98
VIC,130.0
VIC,130.0
VIC,130.0
VIC,128.32
VIC,129.64
VIC,127.98
VIC,126.86
VIC,125.87
VIC,89.86
VIC,80.0
VIC,78.29
VIC,89.06
VIC,101.12
VIC,89.07
VIC,80.0
VIC,93.06
VIC,80.0
VIC,82.35
VIC,95.23
VIC,130.0
VIC,130.0
VIC,91.28
VIC,89.81
VIC,77.6
VIC,80.0
VIC,89.65
VIC,80.59
VIC,80.04
VIC,78.28
VIC,79.32
VIC,78.43
VIC,79.18
VIC,79.81
VIC,68.48
VIC,69.2
VIC,69.31
VIC,80.0
VIC,95.07
VIC,78.99
VIC,68.07
VIC,69.42
VIC,68.25
VIC,61.94
VIC,53.97
VIC,50.01
VIC,53.15
VIC,53.24
VIC,52.38
VIC,60.51
VIC,55.76
VIC,59.58
VIC,55.72
VIC,54.85
VIC,54.85
VIC,66.28
VIC,77.07
VIC,66.72
VIC,66.16
VIC,55.91
VIC,60.46
VIC,59.86
VIC,61.88
VIC,62.78
VIC,61.41
VIC,63.97
VIC,58.45
VIC,63.98
VIC,63.55
VIC,64.62
VIC,62.97
VIC,12.0
VIC,12.0
VIC,8.97
VIC,8.97
VIC,9.61
VIC,9.35
VIC,8.95
VIC,8.95
VIC,8.95
VIC,8.95
VIC,0.21
VIC,0.21
VIC,8.95
VIC,8.95
VIC,8.95
VIC,8.95
VIC,8.95
VIC,8.95
VIC,8.95
VIC,8.95
VIC,8.95
VIC,8.95
VIC,8.95
VIC,8.95
VIC,8.95
VIC,8.95
VIC,8.95
VIC,8.95
VIC,8.95
VIC,8.95
VIC,8.95
VIC,8.95
VIC,8.95
VIC,8.95
VIC,8.95
VIC,8.95
VIC,8.95
VIC,8.95
VIC,6.54
VIC,9.35
VIC,8.95
VIC,8.95
VIC,8.95
VIC,8.95
VIC,8.95
VIC,8.95
VIC,8.95
VIC,8.95
VIC,8.95
VIC,8.95
VIC,8.95
VIC,8.95
VIC,4.96
VIC,0.45
VIC,0.21
VIC,0.0
VIC,0.0
VIC,-17.63
VIC,-19.9
VIC,-19.9
VIC,-33.9
VIC,-44.0
VIC,-30.01
VIC,-39.0
VIC,-39.19
VIC,-44.0
VIC,-30.07
VIC,-30.0
VIC,-19.03
VIC,-44.0
VIC,-54.16
VIC,-48.0
VIC,-44.0
VIC,-49.22
VIC,-50.13
VIC,-49.61
VIC,-49.09
VIC,-50.01
VIC,-50.14
VIC,-48.64
VIC,-46.72
VIC,-44.0
VIC,-44.0
VIC,-57.9
VIC,-44.0
VIC,-43.89
VIC,-43.89
VIC,-61.38
VIC,-61.8
VIC,-61.38
VIC,0.04
VIC,-43.89
VIC,-64.55
VIC,-61.8
VIC,-61.8
VIC,-79.41
VIC,-61.8
VIC,-51.3
VIC,-61.8
VIC,-112.07
VIC,-61.8
VIC,-91.18
VIC,-91.18
VIC,-61.8
VIC,-91.18
VIC,-61.8
VIC,-61.8
VIC,-64.55
VIC,-61.8
VIC,-61.8
VIC,-64.55
VIC,-61.8
VIC,-61.8
VIC,-61.8
VIC,-61.8
VIC,-61.8
VIC,-64.55
VIC,-61.8
VIC,-64.55
VIC,-63.2
VIC,-61.8
VIC,-61.8
VIC,-61.8
VIC,-64.55
VIC,-61.8
VIC,-61.8
VIC,-61.8
VIC,-61.8
VIC,-61.8
VIC,-61.8
VIC,-61.8
VIC,-61.8
VIC,-61.8
VIC,-61.8
VIC,-63.2
VIC,-61.8
VIC,-98.79
VIC,-61.8
VIC,-61.38
VIC,-57.9
VIC,-48.0
VIC,-45.2
VIC,-46.23
VIC,-50.01
VIC,-60.0
VIC,-57.9
VIC,-57.9
VIC,-61.38
VIC,-57.9
VIC,-48.0
VIC,-60.0
VIC,-50.01
VIC,-60.0
VIC,-57.9
VIC,-50.01
VIC,-45.2
VIC,-45.2
VIC,-45.0
VIC,-45.37
VIC,-50.01
VIC,-48.0
VIC,-45.2
VIC,-43.89
VIC,-37.56
VIC,-46.36
VIC,-44.6
VIC,-42.79
VIC,-30.0
VIC,-29.56
VIC,-38.05
VIC,-30.01
VIC,-1.86
VIC,0.04
VIC,-30.0
VIC,0.04
VIC,8.97
VIC,15.85
VIC,12.0
VIC,8.95
VIC,20.19
VIC,12.0
VIC,12.0
VIC,8.95
VIC,8.95
VIC,8.95
VIC,0.29
VIC,8.97
VIC,12.0
VIC,8.97
VIC,8.95
VIC,12.0
VIC,12.0
VIC,19.18
VIC,12.0
VIC,41.03
VIC,19.19
VIC,19.19
VIC,19.19
VIC,19.19
VIC,23.92
VIC,19.19
VIC,27.69
VIC,19.18
VIC,5.74
VIC,12.0
VIC,8.97
VIC,0.21
VIC,0.21
VIC,0.0
VIC,-30.0
VIC,-19.9
VIC,-19.9
VIC,0.21
VIC,0.21
VIC,23.6
VIC,19.18
VIC,-43.27
VIC,-45.27
VIC,-43.19
VIC,-19.9
VIC,-22.15
VIC,-34.42
VIC,-30.0
VIC,-30.0
VIC,-39.0
VIC,-24.61
VIC,-30.0
VIC,-30.0
VIC,-30.0
VIC,-30.0
VIC,-9.35
VIC,0.21
VIC,-8.62
VIC,-19.9
VIC,-30.0
VIC,0.24
VIC,0.24
VIC,-0.99
VIC,-30.0
VIC,-19.9
VIC,-19.9
VIC,-19.9
VIC,0.21
VIC,-19.9
VIC,-19.9
VIC,-19.9
VIC,-1.84
VIC,0.21
VIC,9.17
VIC,8.95
VIC,0.21
VIC,-19.9
VIC,-30.0
VIC,-30.0
VIC,-28.68
VIC,-30.0
VIC,-30.0
VIC,-30.0
VIC,-30.0
VIC,-32.89
VIC,-28.85
VIC,-20.51
VIC,8.95
VIC,8.95
VIC,8.97
VIC,-1.89
VIC,-115.37
VIC,2.67
VIC,-34.16
VIC,-19.9
VIC,-65.0
VIC,-30.0
VIC,-30.0
VIC,-30.0
VIC,-39.01
VIC,-8.42
VIC,-7.29
VIC,-11.12
VIC,-19.9
VIC,2.65
VIC,0.21
VIC,-30.0
VIC,-30.0
VIC,0.21
VIC,0.21
VIC,6.88
VIC,-27.74
VIC,-19.9
VIC,-19.9
VIC,0.21
VIC,0.21
VIC,0.21
VIC,-38.27
VIC,-30.0
VIC,-19.9
VIC,7.95
VIC,0.21
VIC,0.08
VIC,0.21
VIC,0.08
VIC,0.21
VIC,0.08
VIC,-1.87
VIC,0.09
VIC,0.08
VIC,0.08
VIC,0.08
VIC,0.08
VIC,-19.9
VIC,-18.21
VIC,-18.09
VIC,0.04
VIC,0.04
VIC,-19.9
VIC,0.04
VIC,0.21
VIC,0.21
VIC,0.17
VIC,0.0
VIC,0.04
VIC,-1.87
VIC,-1.72
VIC,-1.82
VIC,0.0
VIC,0.0
VIC,0.21
VIC,-2.86
VIC,-1.87
VIC,0.21
VIC,0.39
VIC,-1.8
VIC,0.4
VIC,8.95
VIC,8.95
VIC,8.94
VIC,8.95
VIC,8.95
VIC,3.1
VIC,3.39
VIC,0.21
VIC,-1.82
VIC,-4.74
VIC,0.0
VIC,0.0
VIC,0.0
VIC,8.15
VIC,8.42
VIC,0.08
VIC,0.21
VIC,8.95
VIC,8.37
VIC,-3.17
VIC,8.4
VIC,-9.06
VIC,-8.41
VIC,-11.96
VIC,-1.9
VIC,-6.11
VIC,-19.9
VIC,-1.9
VIC,-44.66
VIC,-34.63
VIC,-36.44
VIC,-43.66
VIC,-43.61
VIC,-61.38
VIC,-48.03
VIC,-45.2
VIC,1.07
VIC,-61.38
VIC,-61.38
VIC,-44.39
VIC,-41.74
VIC,-36.5
VIC,-38.09
VIC,-43.28
VIC,-50.01
VIC,-60.0
VIC,-45.2
VIC,-44.93
VIC,-47.32
VIC,-47.63
VIC,-37.67
VIC,-47.15
VIC,-60.0
VIC,-49.92
VIC,-48.0
VIC,-61.8
VIC,-50.01
VIC,-48.0
VIC,-61.8
VIC,-45.2
VIC,-46.69
VIC,-48.0
VIC,-53.69
VIC,-45.2
VIC,-61.38
VIC,-57.9
VIC,-50.01
VIC,-61.38
VIC,-53.69
VIC,-50.97
VIC,-61.38
VIC,-45.2
VIC,-45.2
VIC,-35.49
VIC,-46.9
VIC,-87.68
VIC,-61.8
VIC,-48.0
VIC,-61.38
VIC,-61.38
VIC,-61.38
VIC,-45.2
VIC,-36.87
VIC,-40.0
VIC,-41.05
VIC,-40.0
VIC,-41.05
VIC,-40.0
VIC,-37.49
VIC,-35.08
VIC,8.95
VIC,8.95
VIC,7.82
VIC,-8.81
VIC,-53.91
VIC,-40.0
VIC,-52.22
VIC,-42.56
VIC,13.67
VIC,-30.0
VIC,8.88
VIC,6.79
VIC,6.8
VIC,12.0
VIC,0.21
VIC,-39.49
VIC,-19.9
VIC,-8.39
VIC,-5.37
VIC,-35.16
VIC,-39.49
VIC,-39.49
VIC,-39.0
VIC,6.97
VIC,-29.7
VIC,-19.9
VIC,0.1
VIC,28.67
VIC,67.27
VIC,68.53
VIC,4.25
VIC,74.15
VIC,39.23
VIC,49.54
VIC,48.52
VIC,8.95
VIC,0.21
VIC,8.95
VIC,8.95
VIC,8.95
VIC,20.27
VIC,83.19
VIC,61.46
VIC,8.95
VIC,58.27
VIC,60.63
VIC,64.83
VIC,64.68
VIC,52.02
VIC,55.63
VIC,47.95
VIC,61.01
VIC,103.69
VIC,70.77
VIC,61.22
VIC,119.35
VIC,76.35
VIC,133.45
VIC,163.27
VIC,132.72
VIC,130.3
VIC,119.85
VIC,107.64
VIC,83.2
VIC,110.3
VIC,96.23
VIC,58.53
VIC,70.36
VIC,88.85
VIC,56.66
VIC,57.04
VIC,84.86
VIC,53.04
VIC,72.21
VIC,71.11
VIC,81.59
VIC,78.96
VIC,84.85
VIC,84.41
VIC,79.25
VIC,94.99
VIC,91.27
VIC,91.31
VIC,83.8
VIC,92.48
VIC,91.1
VIC,90.55
VIC,91.69
VIC,88.83
VIC,91.1
VIC,95.62
VIC,99.02
VIC,79.87
VIC,78.22
VIC,64.82
VIC,65.74
VIC,63.75
VIC,59.9
VIC,66.34
VIC,64.35
VIC,55.32
VIC,50.01
VIC,58.81
VIC,111.08
VIC,66.69
VIC,50.01
VIC,50.01
VIC,50.14
VIC,61.92
VIC,50.01
VIC,50.01
VIC,50.01
VIC,50.01
VIC,50.01
VIC,59.69
VIC,60.76
VIC,76.94
VIC,61.15
VIC,52.74
VIC,50.01
VIC,20.46
VIC,63.14
VIC,60.95
VIC,19.18
VIC,19.18
VIC,19.18
VIC,19.18
VIC,19.18
VIC,17.04
VIC,15.33
VIC,13.12
VIC,12.0
VIC,12.0
VIC,12.0
VIC,12.0
VIC,12.0
VIC,8.95
VIC,8.95
VIC,8.15
VIC,8.95
VIC,8.95
VIC,8.95
VIC,8.95
VIC,8.95
VIC,8.95
VIC,0.21
VIC,5.77
VIC,8.95
VIC,8.95
VIC,8.95
VIC,8.95
VIC,8.95
VIC,8.95
VIC,8.95
VIC,4.4
VIC,8.95
VIC,8.95
VIC,8.95
VIC,8.95
VIC,0.25
VIC,0.22
VIC,0.22
VIC,0.21
VIC,0.21
VIC,0.2
VIC,0.2
VIC,-0.01
VIC,0.2
VIC,0.21
VIC,0.21
VIC,0.21
VIC,0.21
VIC,8.09
VIC,12.0
VIC,8.95
VIC,7.77
VIC,8.95
VIC,7.83
VIC,8.95
VIC,8.95
VIC,8.41
VIC,8.41
VIC,8.95
VIC,8.95
VIC,8.95
VIC,8.42
VIC,8.95
VIC,8.41
VIC,8.95
VIC,8.09
VIC,7.84
VIC,8.95
VIC,8.41
VIC,8.95
VIC,8.95
VIC,8.95
VIC,8.95
VIC,8.95
VIC,8.08
VIC,12.0
VIC,8.95
VIC,7.84
VIC,0.21
VIC,0.0
VIC,-17.67
VIC,-19.51
VIC,-25.18
VIC,-30.07
VIC,-37.19
VIC,-38.81
VIC,-39.0
VIC,-37.77
VIC,-37.29
VIC,-37.83
VIC,-37.61
VIC,-37.54
VIC,-36.67
VIC,-35.68
VIC,-35.58
VIC,-30.01
VIC,-36.82
VIC,-38.08
VIC,-43.43
VIC,-46.43
VIC,-45.2
VIC,-45.2
VIC,-44.47
VIC,-45.2
VIC,-44.31
VIC,-43.18
VIC,-43.16
VIC,-42.92
VIC,-39.12
VIC,-40.0
VIC,-42.75
VIC,-45.2
VIC,-48.0
VIC,-45.2
VIC,-45.0
VIC,-45.2
VIC,-49.07
VIC,-49.55
VIC,-49.02
VIC,-50.0
VIC,-54.39
VIC,-50.66
VIC,-50.01
VIC,-51.64
VIC,-45.2
VIC,-48.0
VIC,-45.2
VIC,-46.22
VIC,-48.0
VIC,-48.03
VIC,-48.0
VIC,-48.03
VIC,-50.01
VIC,-50.01
VIC,-50.01
VIC,-53.17
VIC,-48.03
VIC,-48.03
VIC,-48.03
VIC,-53.99
VIC,-57.9
VIC,-60.0
VIC,-60.0
VIC,-52.86
VIC,-48.03
VIC,-52.0
VIC,-48.03
VIC,-50.39
VIC,-49.74
VIC,-48.03
VIC,-48.03
VIC,-45.76
VIC,-48.0
VIC,-45.2
VIC,-45.2
VIC,-45.2
VIC,-45.2
VIC,-45.2
VIC,-45.2
VIC,-41.1
VIC,-40.86
VIC,-40.0
VIC,-41.74
VIC,-42.64
VIC,-41.1
VIC,-41.23
VIC,-42.77
VIC,-43.23
VIC,-42.36
VIC,-40.79
VIC,-40.8
VIC,-38.12
VIC,-37.29
VIC,-37.22
VIC,-37.72
VIC,-34.67
VIC,-36.22
VIC,-35.94
VIC,-34.0
VIC,-34.05
VIC,-35.88
VIC,-34.67
VIC,-35.63
VIC,-34.67
VIC,-34.67
VIC,-31.49
VIC,-30.01
VIC,-19.29
VIC,-25.62
VIC,-20.1
VIC,-21.74
VIC,-34.93
VIC,-30.0
VIC,-40.0
VIC,-25.12
VIC,-26.3
VIC,-9.37
VIC,-4.57
VIC,8.95
VIC,8.95
VIC,0.0
VIC,-40.0
VIC,0.21
VIC,0.0
VIC,0.0
VIC,13.01
VIC,6.65
VIC,0.0
VIC,6.84
VIC,6.97
VIC,58.75
VIC,50.51
VIC,50.33
VIC,50.01
VIC,44.71
VIC,36.0
VIC,49.39
VIC,46.53
VIC,50.01
VIC,49.73
VIC,50.01
VIC,50.01
VIC,50.01
VIC,50.01
VIC,57.21
VIC,62.68
VIC,63.28
VIC,57.31
VIC,50.45
VIC,51.03
VIC,50.01
VIC,19.18
VIC,50.01
VIC,44.32
VIC,34.67
VIC,43.79
VIC,12.0
VIC,12.0
VIC,12.0
VIC,12.0
VIC,12.0
VIC,12.26
VIC,8.95
VIC,5.42
VIC,8.95
VIC,8.95
VIC,0.0
VIC,8.95
VIC,14.64
VIC,12.0
VIC,12.0
VIC,8.95
VIC,8.95
VIC,6.95
VIC,12.0
VIC,8.95
VIC,8.95
VIC,8.95
VIC,8.95
VIC,4.43
VIC,8.95
VIC,1.34
VIC,8.95
VIC,0.09
VIC,-0.15
VIC,-2.34
VIC,0.0
VIC,0.0
VIC,8.95
VIC,0.13
VIC,0.15
VIC,-3.2
VIC,0.21
VIC,0.21
VIC,-19.9
VIC,-19.9
VIC,0.12
VIC,0.21
VIC,0.21
VIC,8.95
VIC,8.72
VIC,0.21
VIC,0.21
VIC,0.21
VIC,0.21
VIC,0.21
VIC,0.21
VIC,2.32
VIC,0.21
VIC,8.95
VIC,0.21
VIC,0.21
VIC,0.06
VIC,0.12
VIC,0.21
VIC,-1.76
VIC,-1.83
VIC,-1.83
VIC,-1.82
VIC,-1.83
VIC,-40.0
VIC,-30.0
VIC,-30.0
VIC,-19.9
VIC,-19.9
VIC,-39.88
VIC,-30.0
VIC,-19.9
VIC,-19.9
VIC,-40.07
VIC,-40.01
VIC,-25.0
VIC,-30.0
VIC,-30.0
VIC,-39.01
VIC,-39.0
VIC,-44.87
VIC,-39.01
VIC,-30.07
VIC,-30.0
VIC,-30.0
VIC,-48.03
VIC,-48.03
VIC,-34.09
VIC,-33.69
VIC,-30.0
VIC,-46.46
VIC,-44.76
VIC,-34.09
VIC,-31.32
VIC,-19.9
VIC,-45.2
VIC,-48.03
VIC,-45.74
VIC,-34.09
VIC,-40.0
VIC,-40.0
VIC,-40.0
VIC,-40.0
VIC,-40.0
VIC,-34.09
VIC,-34.09
VIC,-34.09
VIC,-36.37
VIC,-35.97
VIC,-36.74
VIC,-30.48
VIC,-30.39
VIC,-30.01
VIC,-30.01
VIC,-30.12
VIC,-30.01
VIC,-30.0
VIC,-30.0
VIC,-21.0
VIC,-21.0
VIC,-19.9
VIC,0.0
VIC,0.0
VIC,0.0
VIC,-19.9
VIC,-3.69
VIC,-0.19
VIC,-3.69
VIC,-18.57
VIC,-18.88
VIC,-19.9
VIC,-30.01
VIC,-30.01
VIC,-30.01
VIC,-33.69
VIC,-32.85
VIC,-34.09
VIC,-36.86
VIC,-38.31
VIC,-33.69
VIC,-34.09
VIC,-36.24
VIC,-36.41
VIC,-34.68
VIC,-34.09
VIC,-34.85
VIC,-34.96
VIC,-35.62
VIC,-35.77
VIC,-38.72
VIC,-34.93
VIC,-34.93
VIC,-35.42
VIC,-35.32
VIC,-36.3
VIC,-36.53
VIC,-35.19
VIC,-37.02
VIC,-34.36
VIC,-37.54
VIC,-35.72
VIC,-34.67
VIC,-39.7
VIC,-38.6
VIC,-40.0
VIC,-38.72
VIC,-38.56
VIC,-37.97
VIC,-38.11
VIC,-39.5
VIC,-38.26
VIC,-38.17
VIC,-38.19
VIC,-38.4
VIC,-40.0
VIC,-40.43
VIC,-45.0
VIC,-46.67
VIC,-40.0
VIC,-45.2
VIC,-44.55
VIC,-45.2
VIC,-40.0
VIC,-45.2
VIC,-40.0
VIC,-42.91
VIC,-45.2
VIC,-40.0
VIC,-40.0
VIC,-60.0
VIC,-45.0
VIC,-46.67
VIC,-43.95
VIC,-47.37
VIC,-46.99
VIC,-48.87
VIC,-48.0
VIC,-48.0
VIC,-47.55
VIC,-48.0
VIC,-48.0
VIC,-48.03
VIC,-48.03
VIC,-49.43
VIC,-50.0
VIC,-50.3
VIC,-50.81
VIC,-57.9
VIC,-48.0
VIC,-48.0
VIC,-50.01
VIC,-50.93
VIC,-51.41
VIC,-57.9
VIC,-61.38
VIC,-50.88
VIC,-57.9
VIC,-50.41
VIC,-49.08
VIC,-51.81
VIC,-57.9
VIC,-61.38
VIC,-55.98
VIC,-50.44
VIC,-46.68
VIC,-48.8
VIC,-50.38
VIC,-53.69
VIC,-57.9
VIC,-53.75
VIC,-53.69
VIC,-53.69
VIC,-61.38
VIC,-60.0
VIC,-60.0
VIC,-49.02
VIC,-53.69
VIC,-53.69
VIC,-50.71
VIC,-46.68
VIC,-50.68
VIC,-51.28
VIC,-61.38
VIC,-57.9
VIC,-51.45
VIC,-61.38
VIC,-61.38
VIC,-61.8
VIC,-61.38
VIC,-60.0
VIC,-46.41
VIC,-31.21
VIC,-39.63
VIC,-33.19
VIC,-33.71
VIC,-31.72
VIC,-18.96
VIC,-40.0
VIC,-49.45
VIC,0.16
VIC,1.07
VIC,-27.6
VIC,14.08
VIC,19.18
VIC,0.21
VIC,8.95
VIC,56.06
VIC,12.0
VIC,21.18
VIC,19.56
VIC,24.84
VIC,44.06
VIC,15.0
VIC,73.8
VIC,35.95
VIC,35.95
VIC,19.19
VIC,19.19
VIC,73.98
VIC,12.0
VIC,11.61
VIC,8.95
VIC,8.95
VIC,8.95
VIC,8.95
VIC,8.95
VIC,8.95
VIC,8.95
VIC,8.95
VIC,8.95
VIC,8.95
VIC,8.95
VIC,8.95
VIC,8.95
VIC,8.95
VIC,8.95
VIC,8.95
VIC,8.95
VIC,8.95
VIC,8.95
VIC,8.95
VIC,0.21
VIC,6.95
VIC,1.41
VIC,6.55
VIC,0.22
VIC,8.15
VIC,8.95
VIC,8.95
VIC,8.6
VIC,8.6
VIC,8.95
VIC,12.0
VIC,0.22
VIC,0.22
VIC,0.16
VIC,0.16
VIC,-11.73
VIC,-19.9
VIC,0.06
VIC,-10.05
VIC,-19.9
VIC,-1.94
VIC,0.18
VIC,0.21
VIC,3.07
VIC,8.95
VIC,0.22
VIC,0.21
VIC,-4.28
VIC,5.47
VIC,0.21
VIC,0.21
VIC,8.95
VIC,8.95
VIC,8.09
VIC,0.21
VIC,0.06
VIC,0.21
VIC,8.95
VIC,0.21
VIC,0.21
